topic,custom_name,auto_label,n_rows,n_distinct_items,top_members
0,,代收(售)-台北市購物兩用袋(中) 等112款,133,112,代收(售)-台北市購物兩用袋(中):3 | 3元塑膠袋:3 | shopping bag:2 | 每天穿什麼mini matters 服飾 正價品:2 | 4x6專用紙-15元授權:2 | 現貨tpvl熱身賽胸章別針(共7款):2
1,,熟食 等3款,92,3,熟食:88 | 便當:3 | 美食街:1
2,,嫩切雞肉堡6吋 等7款,51,7,嫩切雞肉堡6吋:42 | 厚切嫩牛堡6吋:3 | 鮮嫩雞柳堡6吋:2 | 黑胡椒豬里肌:1 | (牛)炸蝦堡:1 | 嫩切雞肉堡12吋:1
3,,parking fee 等2款,42,2,parking fee:41 | parkingfee:1
4,,大冰美式 等3款,39,3,大冰美式:35 | 特大冰美式:2 | 中冰美式:2
5,,+69元升級a餐(點心+飲料) 等31款,38,31,+69元升級a餐(點心+飲料):3 | 迷客夏虎林 - 原片初露青茶(l):3 | 服務費:2 | 五桐號通化 - 一把青茶(l):2 | 日式壽喜燒鍋:2 | 例湯+飲料98元套餐:1
6,,一配經典肉鬆飯糰 等19款,38,19,一配經典肉鬆飯糰:7 | 茶葉蛋(銷售用):4 | 二配經典肉鬆飯糰:4 | 星一配雞肉飯飯糰:3 | 茶葉蛋:3 | 星二配雞肉飯飯糰:2
7,,皮蛋乾麵 等15款,37,15,皮蛋乾麵:10 | 燙青菜:5 | 蛤蠣湯:4 | 豆干滷蛋海帶:3 | 餛飩湯:3 | 粗-招牌乾麵p:2
8,,(a)御料小館香辣炸雞球 等3款,36,3,(a)御料小館香辣炸雞球:34 | (a)御料小館椒鹽鹽酥雞:1 | 滷味香蔥肉丸:1
9,,蜜桃烏龍(小心果核) 等31款,36,31,蜜桃烏龍(小心果核):3 | 摩卡可可碎片大:2 | 摩卡可可碎片v杯:2 | 智利富士88:2 | 招牌(小):1 | 早午餐兄弟純水濕紙巾_吐司款100抽:1
10,,a 美式黑咖啡-中冰 等18款,35,18,a 美式黑咖啡-中冰:6 | 特選美式冰咖啡(大):4 | 四 四季翠玉青茶-大冰:4 | 路易莎咖啡餐點類:3 | 麥香三明治-香燻雞肉:3 | a 美式黑咖啡-大冰:2
11,,大1四季春珍波椰 等5款,34,5,大1四季春珍波椰:26 | 飲料:4 | 大四季春青茶:2 | 四季春茶(冰):1 | 甜品:1
12,,16oz(冰)特選美式咖啡 等2款,33,2,16oz(冰)特選美式咖啡:32 | 麥當勞豬肉滿福堡加蛋送冰經典美式咖啡中杯(好禮即享券):1
13,,parking fee（單品）,33,1,parking fee:33
14,,桌球場（單品）,33,1,桌球場:33
15,,寶山黑糖麻糬手 等25款,32,25,寶山黑糖麻糬手:3 | 巧克力濃心菠蘿:3 | 隨緣紅燒嫩菇麵:2 | 隨緣沙茶豆腐麵:2 | 起司燒:2 | 豆皮烏龍麵:1
16,,停車費 等3款,31,3,停車費:29 | 停車費用:1 | 臨停費用:1
17,,三鮮火鍋(海鮮風味) 等22款,31,22,三鮮火鍋(海鮮風味):3 | 高冷青茶:2 | 清香奶茶:2 | 菌類拼盤:2 | 日本越光米:2 | 高麗菜:2
18,,來一客杯麵京燉肉骨風味 等16款,30,16,來一客杯麵京燉肉骨風味:10 | (a)來一客杯麵鮮蝦魚板風味:3 | 拉麵道日式豚骨風味:3 | 適量豚骨鹽味拉麵-細麵:2 | 極饗-真飽經典麻醬涼麵:1 | 來一客杯麵肉燥菠菜風味:1
19,,紅茶（單品）,30,1,紅茶:30
20,,餐廳 等15款,29,15,餐廳:15 | 7號餐(台大店):1 | 餐食:1 | a套餐:1 | 餐飲_熟食:1 | 清潔費:1
21,,熟食 等3款,28,3,熟食:26 | 30元盤:1 | 40元盤:1
22,,parking fee（單品）,28,1,parking fee:28
23,,金萱雙q（單品）,28,1,金萱雙q:28
24,,12fit - 特餐_七味蒜香雞胸(b) 等10款,28,10,12fit - 特餐_七味蒜香雞胸(b):18 | 陽光bbq健康餐 - 匈牙利香蒜雞胸(c):2 | 鹽味舒肥雞poke-加購免洗餐盒2元:1 | 島嶼咖哩雞肉燉飯 chicken & vegetables risotto with red curry cream sauce:1 | 香蒜白酒蛤蠣麵 clams spaghetti with white wine & garlic oil:1 | 豬肉拼盤 돼지모둠 pork combo 2人套餐五花肉 삼겹살 pork belly+松阪肉항정살pork jowl+梅花목살boston butt+海鮮大醬鍋(附飯) 된장찌개 soybean paste soup+韓式起司蒸雞蛋 치즈폭탄계란찜 cheese steamed eggs:1
25,,金塊香蒜-小單位 等4款,27,4,金塊香蒜-小單位:24 | 焦糖可可碎片大:1 | 法式岩漿巧克力:1 | 芋泥可麗露:1
26,,重乳奶茶tp330 等19款,26,19,重乳奶茶tp330:5 | 一配蜂蜜牛奶球:3 | 奶茶(l)(冰):2 | 一配經典蜂蜜蛋糕:1 | 飲冰室茶集綠奶茶:1 | 巧達濃湯:1
27,,四塊麥克雞塊 等12款,26,12,四塊麥克雞塊:7 | b10_四重麥香雞:3 | b12_四重麥香雞:3 | 麥香魚:3 | 馬鈴薯沙拉(熟):2 | 藜麥辣脆雞沙拉:2
28,,餅乾1片 等3款,26,3,餅乾1片:24 | 各種蔬菜餅:1 | 嫩煎蛋一片:1
29,,星-二配板巧克力夾心土司 等10款,26,10,星-二配板巧克力夾心土司:15 | 一配菠蘿麵包:2 | 新感覺可可夾心:2 | 蕃薯(30元):1 | 芝麻包:1 | 新感覺草莓夾心:1
30,,御選肉鬆飯糰 等5款,25,5,御選肉鬆飯糰:18 | 章魚燒串:2 | 原味豬肉貢丸(關):2 | 虱目魚丸:2 | 綜合湯:1
31,,卡辣姆久平切洋芋片勁辣唐辛35元 等5款,24,5,卡辣姆久平切洋芋片勁辣唐辛35元:19 | 美式原味熱狗:2 | 卡辣姆久厚切洋芋片勁辣唐辛35元:1 | 日式碳烤風味熱狗:1 | 波的多濃厚蚵仔煎洋芋片:1
32,,午后時光-重乳奶茶tp330 等7款,24,7,午后時光-重乳奶茶tp330:18 | 紅牌速纖纖維飲料tp330:1 | 光泉午后時光重乳奶茶400ml:1 | 黑松fin好菌補給飲pet580:1 | 統一麥香奶茶tp375:1 | 黑松c&c氣泡飲(葡萄)pet500:1
33,,福樂自然零藍莓優酪 等11款,24,11,福樂自然零藍莓優酪:7 | 晨光葡萄土司:5 | 自然零藍莓優酪:2 | 金蘋果調味乳蘋果風味:2 | pkl330ml黑松蘋果c:2 | ladears 開心果可麗露:1
34,,1百 等23款,24,23,1百:2 | 活沛多游離型葉黃素30粒:1 | 高露潔纖柔備長炭牙刷3入:1 | 高露潔護齦牙刷:1 | 藥水:1 | 3m細滑牙線棒散裝36支入:1
35,,ab原味優酪乳206ml(瓶) 等4款,23,4,ab原味優酪乳206ml(瓶):10 | ab原味優酪乳517ml(瓶):9 | ab原味優酪乳902ml(瓶):3 | 泰國皇家牛奶片 25g:1
36,,餐飲與食品(f&b) 等5款,23,5,餐飲與食品(f&b):18 | 餐飲-麥當勞:2 | 薯球(肯)(活動):1 | 餐費:1 | 291689麥當勞速食餐:1
37,,金黃起司火腿蛋三明治 等17款,23,17,金黃起司火腿蛋三明治:3 | 鮪魚起司溏心蛋三明治:3 | 一配哆啦a夢小蛋糕:2 | 鮪魚洋芋溏心蛋三明治:2 | 生吐司:1 | 新-哆啦a夢小蛋糕:1
38,,草莓 等7款,23,7,草莓:8 | 炙燒乳酪蛋糕:6 | 草莓白乳酪:3 | 法式乳酪:3 | 生乳捲:1 | 西西里榛果塔:1
39,,桌球場 等3款,23,3,桌球場:20 | 撞球場:2 | 健身房全票60分鐘:1
40,,a4黑白列印ibon 等7款,21,7,a4黑白列印ibon:14 | 列印服務全錄黑白-a4:2 | a4彩色160g列印web:1 | a4黑白影印:1 | a4彩色160g列印ibon:1 | a4彩色列印:1
41,,韓國農心辛香菇杯麵 等8款,21,8,韓國農心辛香菇杯麵:8 | 手工高麗菜捲:4 | 蘿蔔糕:3 | 黃金脆薯:2 | (a)科學麵原味:1 | 白飯:1
42,,母傳原湯清燉牛肉 等6款,21,6,母傳原湯清燉牛肉:12 | 經典香韻紅燒牛肉:4 | 經典香韻紅燒三寶:2 | 燉煮叉燒肉:1 | 五椒麻辣牛肉:1 | 經典香韻紅燒半筋半肉:1
43,,冰紅茶-大(新) 等6款,21,6,冰紅茶-大(新):13 | 玉米濃湯:4 | 烏龍:1 | 冰紅茶-中(新):1 | 中冰摩斯咖啡:1 | 可樂-大(新):1
44,,台灣香蕉重量分享包(2入) 等6款,20,6,台灣香蕉重量分享包(2入):15 | 富士蘋果(截切-袋):1 | 蘇菲清新涼感薄荷日用23cm9片:1 | 京都念慈菴雙層枇杷軟喉糖(原味):1 | 易口舒無糖薄荷錠-清爽蜜桃:1 | 香蕉單入:1
45,,油切蕎麥茶 等9款,20,9,油切蕎麥茶:5 | 黃金蕎麥鮮奶:4 | 焦糖粉粿奶茶:4 | 青檸甘蔗蕎麥綠寶:2 | 輕烏龍鮮奶:1 | 金萱奶綠大:1
46,,桂格100%燕麥(顆粒微甜)290ml 等5款,19,5,桂格100%燕麥(顆粒微甜)290ml:13 | 313153精緻丹麥系列/個(a):3 | 無蛋白質poke-加購免洗餐盒2元:1 | 桂格顆粒豆漿燕麥:1 | 統一陽光糙米漿400ml(盒):1
47,,服務費和其他費用（單品）,19,1,服務費和其他費用:19
48,,清爽沙拉飯（單品）,19,1,清爽沙拉飯:19
49,,1原蛋 等13款,19,13,1原蛋:5 | 健康蔬活菜飯(餐盒):3 | 11(大)爪哇咖哩牛丼:1 | 卡啦雞腿堡a經典餐:1 | 卡啦雞腿堡xl全明星餐:1 | 青花椒堡xl全明星餐:1
50,,配-經典大薯 等8款,18,8,配-經典大薯:8 | 薯條-大:4 | a01_大薯+1多1:1 | d小薯:1 | 配-經典中薯:1 | 薯來堡(牛):1
51,,起司蛋堡 等13款,18,13,起司蛋堡:6 | cremia 北海道冰淇淋之神生日快樂冰淇淋(口味任選):1 | 鮮蛋沙拉可頌:1 | 質立藍莓冰淇淋:1 | 真松露巧克力奶蓋雪糕:1 | niseko海鹽焦糖雪糕:1
52,,餐飲費 等4款,18,4,餐飲費:10 | 餐飲:6 | 優惠單人套餐:1 | 299成人:1
53,,藝舍黑田桑小卡 等15款,18,15,藝舍黑田桑小卡:3 | 加新入袋a4單線簿白:2 | 南寶透明裝飾貼4 size:1 | 四季螺旋蠟燭中藍:1 | 晴天快樂派對帽3:1 | 藝舍黑田桑生日卡:1
54,,d摩斯雞塊套加60 等5款,18,5,d摩斯雞塊套加60:13 | b夏威夷元氣沙拉50:2 | 辣味和風雞腿塊:1 | 和風炸雞-大:1 | 和風雞腿塊-摩斯辣醬:1
55,,多喝水鹼性竹炭（單品）,18,1,多喝水鹼性竹炭:18
56,,多多綠茶 等2款,18,2,多多綠茶:17 | 大 多多綠:1
57,,摩斯鱈魚堡 等7款,18,7,摩斯鱈魚堡:7 | (a)北海鱈魚香絲(大):5 | 鮪魚肉鬆雙手卷:2 | g餓遊戲:1 | 黃金魚蛋:1 | 鮭魚鮭魚卵(圓):1
58,,芽香綠金萱(l) 等4款,18,4,芽香綠金萱(l):14 | 柔香青金萱(l):2 | 芽香綠金萱:1 | 阿聰師芋單:1
59,,美式冰咖啡(大) 等2款,17,2,美式冰咖啡(大):16 | 濃萃美式冰咖啡(大):1
60,,百樂g2 07鋼珠筆藍 等16款,17,16,百樂g2 07鋼珠筆藍:2 | 文明mk-3001雙頭水性美工筆銘黃:1 | 文明mk-3001雙頭水性美工筆紅:1 | 文明mk-3001雙頭水性美工筆柑:1 | toeic 證書:1 | 三菱sxn155溜溜筆黑:1
61,,(a)統一h2o純水pet2200 等5款,17,5,(a)統一h2o純水pet2200:12 | 統一h2o純水pet1500:2 | 泰山純水pet700:1 | (a)統一uni water純水pet550:1 | 心樸元氣純水6200ml:1
62,,豆干 等9款,17,9,豆干:5 | 蘿蔔:4 | 燙青菜時蔬:2 | lasagna:1 | 滷蛋:1 | 豬耳朵:1
63,,黑蒜豚骨拉麵 等6款,17,6,黑蒜豚骨拉麵:12 | 釜山紅湯拉麵:1 | 博多叉燒拉麵 (大):1 | 松露豚骨拉麵:1 | 客製醬油豚骨拉麵:1 | 客製麻辣豚骨拉麵:1
64,,統一麵包快樂牛奶球 等10款,17,10,統一麵包快樂牛奶球:5 | 石安牧場溏心蛋飯糰(圓):3 | (a)多力多滋超濃起司味玉米片:2 | 耕豆漿布丁燒 (蛋奶素)150g:1 | 雪花嘉義方塊酥:1 | 健達巧克力含牛奶內餡(4入):1
65,,超級大麥海洋珍珠堡 等5款,17,5,超級大麥海洋珍珠堡:10 | 超級大麥杏鮑菇珍珠堡:3 | 海洋珍珠堡:2 | 麥當勞勁辣鷄腿堡+薯條(小)+四塊麥克鷄塊+可樂(中) 好禮即享券:1 | c黃金地瓜薯條套加6:1
66,,烤雞(熟) 等2款,17,2,烤雞(熟):16 | 鮮蝦(熟):1
67,,三明治冰淇淋 等5款,16,5,三明治冰淇淋:8 | 起士核桃堡140元:4 | 豆乳原味奶酪:2 | (臺大)小鮮乳:1 | 歐式蔓越莓核桃65元:1
68,,輕食咖啡廳 等2款,16,2,輕食咖啡廳:15 | 咖啡廳coffee shops & tea salons:1
69,,原味波士頓 等6款,16,6,原味波士頓:9 | 服務費用:2 | 提拉米蘇:2 | 拿鐵:1 | 泡芙:1 | 熱帶叢林:1
70,,韓式泡菜拉麵 等3款,16,3,韓式泡菜拉麵:13 | 拉麵:2 | 香辣麵里肌:1
71,,日香雞肉飯 - 私房辣椒雞腿飯(b) 等8款,16,8,日香雞肉飯 - 私房辣椒雞腿飯(b):8 | 松露野菇牛肝菌燉飯:2 | 珍大雞排 - 炙燒火烤雞腿(b):1 | 珍大雞排 - 珍大雞排飯(f):1 | 番茄匈牙利雞腿排:1 | 赤香雞柳王 - 韓式直火燒肉片(e):1
72,,餅乾3片 等3款,16,3,餅乾3片:12 | 餅乾1片:3 | 可樂餅:1
73,,林聰明-雞肉飯飯糰 等13款,16,13,林聰明-雞肉飯飯糰:2 | (a)御料小館香辣炸雞球:2 | 卡滋脆皮燒肉螺螄粉:2 | 御料小館蔥抓餅:1 | 打拋豬豬-不辣:1 | 鹹酥雞套餐-rextor:1
74,,櫛瓜 等9款,15,9,櫛瓜:3 | 豆皮:3 | 香菇:2 | 孜然羊肉串:2 | 培根麻糬:1 | 多汁雞肉捲:1
75,,_美國_雪花牛套餐 等12款,15,12,_美國_雪花牛套餐:3 | b 優惠套餐(原價138):2 | 140元套餐:1 | 壽日本國產牛羽下套餐:1 | a5牛肉湯麵套餐:1 | 霜降牛+梅花豬:1
76,,芽香綠金萱(l) 等4款,15,4,芽香綠金萱(l):9 | 柔香青金萱(l):3 | 金萱雙q:2 | 發發通化 - 芽香綠金萱(l):1
77,,體適能-全票 等5款,15,5,體適能-全票:10 | minecraft 165吋合金公仔驚喜包/ w1/ 隨機:2 | 桌球場:1 | 玩具公仔:1 | pop mart-動漫生活-玩具公仔:1
78,,泰山淨之水 等5款,15,5,泰山淨之水:7 | ex強氣泡水:4 | 統一鹼性離子水:2 | uni water550水:1 | 泰山純水 700ml:1
79,,台灣上等蕉(裸賣) 等3款,15,3,台灣上等蕉(裸賣):13 | 台灣黑輪:1 | 小 手拍 小農蕃茄瑪:1
80,,牧香穀物鮮奶茶(l) 等10款,15,10,牧香穀物鮮奶茶(l):5 | 大阿薩姆紅茶:2 | 抹茶牛奶(i):1 | 黑糖牛奶-ice:1 | pkl330立頓琥珀紅茶:1 | 焙金萱鮮奶茶(l):1
81,,臨停 等6款,14,6,臨停:6 | 95無鉛汽油:4 | 票號2025092916046243:1 | 95無鉛:1 | 95plus無鉛:1 | 95+無鉛:1
82,,涼拌豆干絲 等8款,14,8,涼拌豆干絲:7 | 豬腳能量碗:1 | 水餃10粒-辣:1 | 紅油脆筍:1 | 涼拌小黃瓜:1 | 花枝丸x4:1
83,,粥天子-廣式皮蛋瘦肉煲粥（單品）,14,1,粥天子-廣式皮蛋瘦肉煲粥:14
84,,冰綠茶-小 等8款,14,8,冰綠茶-小:6 | 冰綠茶-中:2 | 冰蘋果青茶大:1 | 冰紅茶-中:1 | 蜂蜜青茶-冰:1 | 冰奶茶:1
85,,酥脆雞塊 等5款,14,5,酥脆雞塊:8 | 香蒜起士麵包:3 | 菲力雞排麵包:1 | 白醬嫩煎雞肉 寬扁麵:1 | 青醬嫩煎雞肉 寬扁麵:1
86,,fmc鹼性離子水800ml 等5款,13,5,fmc鹼性離子水800ml:4 | 統一ph9鹼性離子水:4 | 泰山純水:3 | 悅氏light鹼性水:1 | 悅氏天然水2200ml:1
87,,配料（單品）,13,1,配料:13
88,,奶茶 等2款,13,2,奶茶:12 | 風味奶茶:1
89,,小吃food court 等5款,13,5,小吃food court:9 | 開飯川食堂:1 | 台灣客美多珈琲 餐飲 正價品:1 | 漢堡王:1 | mini one:1
90,,ab優酪乳原味 等6款,13,6,ab優酪乳原味:7 | 鮮乳坊起司銀絲卷:2 | 起司牛肉可頌:1 | 光泉杯裝全脂鮮乳:1 | 乳酪火山布蕾:1 | 福樂草莓優酪乳:1
91,,照燒雞肉堡6吋 等6款,13,6,照燒雞肉堡6吋:4 | 雙層牛肉堡:4 | 燒烤牛肉堡6吋:2 | 義大利牛肉丸堡6吋:1 | 火腿堡6吋:1 | 獅子頭雞肉飯-加蔥:1
92,,味丹多喝水 等3款,12,3,味丹多喝水:10 | 多喝水pet700:1 | 多喝水pet2000:1
93,,撈派巴沙魚片(半) 等12款,12,12,撈派巴沙魚片(半):1 | 凍豆腐(半):1 | 自選小料:1 | 撈派撈麵:1 | 美國特選肥牛(半):1 | 招牌蝦滑(半):1
94,,(區)現蒸地瓜25元 等5款,12,5,(區)現蒸地瓜25元:6 | (區)現蒸地瓜30元:2 | (區)現蒸地瓜35元:2 | 白蘿蔔:1 | (區)現蒸地瓜40元:1
95,,特選美式冰咖啡(大) 等6款,12,6,特選美式冰咖啡(大):4 | 美式冰咖啡(大):4 | 咖哩盤30cm:1 | 左岸咖啡館奶茶240ml(杯):1 | 美式冰咖啡(特大):1 | 美式熱咖啡(大):1
96,,停車費 等3款,12,3,停車費:9 | 清潔維護費:2 | 停車場清潔維護費:1
97,,糖心蛋(兩片) 等2款,12,2,糖心蛋(兩片):11 | 黃金蛋:1
98,,燙青菜（單品）,11,1,燙青菜:11
99,,老中醫天然仙楂70g 等2款,11,2,老中醫天然仙楂70g:10 | 良澔仙楂梅160g:1
100,,叉燒飯 等11款,11,11,叉燒飯:1 | 豚骨魚介肉盛:1 | 松露雞白湯:1 | ei壽喜牛里肌豬排鍋定食:1 | 生豆皮1份:1 | 綠茶冰:1
101,,餛飩牛肉湯麵(小) 等9款,11,9,餛飩牛肉湯麵(小):3 | 豬油麵(小):1 | 雙醬麵(小):1 | 餛飩麵(小):1 | 魯肉飯(小):1 | 蘿蔔牛肉清湯:1
102,,極致巧克力蛋糕 等4款,11,4,極致巧克力蛋糕:8 | 楚佛巧克力:1 | 巴斯克蛋糕:1 | 巧克力起司蛋糕:1
103,,影印費 等3款,10,3,影印費:8 | 劃位-+ 加價:1 | try 日本語n3達陣 從日檢文法展開全方位學習 (附m:1
104,,外送費（單品）,10,1,外送費:10
105,,林聰明-雞肉飯飯糰 等3款,10,3,林聰明-雞肉飯飯糰:8 | (區)粥天子-田園雞蓉玉米粥:1 | 增雞蛋白餐:1
106,,大冰美式（單品）,10,1,大冰美式:10
107,,極選厚菠蘿 等2款,10,2,極選厚菠蘿:8 | 32層菠蘿可頌:2
108,,白玉珍珠 / 無糖 / 微冰 等2款,10,2,白玉珍珠 / 無糖 / 微冰:6 | 無糖 / 微冰 / 白玉珍珠:4
109,,紅油口水雞 等10款,10,10,紅油口水雞:1 | 椒麻雞(微辣)-不香菜:1 | 香辣麵q雞:1 | 高麗菜50:1 | 辣子雞丁90:1 | 香菇肉70:1
