user_id,super,supertype,item,total_qty,base_qty,base_spend,base_unit_price,cur_qty,cur_spend,cur_unit_price
0,0,文具列印,toeic 證書,1,1.0,600.0,600.0,0.0,0.0,
0,0,文具列印,a4黑白列印ibon,9,139.0,417.0,3.0,0.0,0.0,
0,0,文具列印,a4黑白影印,1,22.0,66.0,3.0,0.0,0.0,
0,0,文具列印,15k赤牛皮公文信封50張,1,1.0,49.0,49.0,0.0,0.0,
0,0,文具列印,晴天快樂派對帽3,1,1.0,45.0,45.0,0.0,0.0,
0,0,文具列印,藝舍黑田桑小卡,3,3.0,36.0,12.0,0.0,0.0,
0,0,文具列印,四季螺旋蠟燭中藍,1,1.0,32.0,32.0,0.0,0.0,
0,0,文具列印,南寶透明裝飾貼4 size,1,1.0,29.0,29.0,0.0,0.0,
0,0,文具列印,文明mk-3001雙頭水性美工筆銘黃,1,1.0,24.0,24.0,0.0,0.0,
0,0,文具列印,文明mk-3001雙頭水性美工筆紅,1,1.0,24.0,24.0,0.0,0.0,
0,0,文具列印,文明mk-3001雙頭水性美工筆柑,1,1.0,24.0,24.0,0.0,0.0,
0,0,文具列印,亞柏25mm黑色長尾夾225,1,1.0,24.0,24.0,0.0,0.0,
0,0,文具列印,藝舍黑田桑生日卡,1,1.0,21.0,21.0,0.0,0.0,
0,0,文具列印,大菱定頁32k筆記本,1,1.0,21.0,21.0,0.0,0.0,
0,0,文具列印,a4彩色160g列印web,1,1.0,15.0,15.0,0.0,0.0,
0,0,文具列印,飛龍861平頭黑,1,1.0,13.0,13.0,0.0,0.0,
0,0,文具列印,a4彩色160g列印ibon,1,0.0,0.0,,2.0,30.0,15.0
0,0,文具列印,三菱sxn155溜溜筆黑,1,0.0,0.0,,1.0,29.0,29.0
0,0,文具列印,飛龍c205鉛芯hb,1,0.0,0.0,,1.0,26.0,26.0
0,1,手搖飲料與麵食,拉麵,2,2.0,620.0,310.0,0.0,0.0,
0,1,手搖飲料與麵食,豚骨魚介肉盛,1,1.0,350.0,350.0,0.0,0.0,
0,1,手搖飲料與麵食,松露雞白湯,1,1.0,350.0,350.0,0.0,0.0,
0,1,手搖飲料與麵食,ei壽喜牛里肌豬排鍋定食,1,1.0,349.0,349.0,0.0,0.0,
0,1,手搖飲料與麵食,唐揚雞咖哩飯,1,1.0,280.0,280.0,0.0,0.0,
0,1,手搖飲料與麵食,餐費,1,1.0,187.0,187.0,0.0,0.0,
0,1,手搖飲料與麵食,uber經典招牌螺蛳粉-小辣,1,1.0,185.0,185.0,0.0,0.0,
0,1,手搖飲料與麵食,餛飩牛肉湯麵(小),3,2.0,180.0,90.0,1.0,90.0,90.0
0,1,手搖飲料與麵食,粗-招牌乾麵p,2,2.0,150.0,75.0,0.0,0.0,
0,1,手搖飲料與麵食,生豆皮1份,1,1.0,120.0,120.0,0.0,0.0,
0,1,手搖飲料與麵食,清爽沙拉飯,1,1.0,110.0,110.0,0.0,0.0,
0,1,手搖飲料與麵食,黑糖仙草汁,1,1.0,100.0,100.0,0.0,0.0,
0,1,手搖飲料與麵食,綠茶冰,1,1.0,80.0,80.0,0.0,0.0,
0,1,手搖飲料與麵食,餛飩麵(小),1,1.0,75.0,75.0,0.0,0.0,
0,1,手搖飲料與麵食,甜品,1,1.0,75.0,75.0,0.0,0.0,
0,1,手搖飲料與麵食,蘿蔔牛肉清湯,1,1.0,70.0,70.0,0.0,0.0,
0,1,手搖飲料與麵食,雙醬麵(小),1,1.0,65.0,65.0,0.0,0.0,
0,1,手搖飲料與麵食,叉燒飯,1,1.0,60.0,60.0,0.0,0.0,
0,1,手搖飲料與麵食,加北海道七星米飯,1,1.0,60.0,60.0,0.0,0.0,
0,1,手搖飲料與麵食,豬油麵(小),1,1.0,55.0,55.0,0.0,0.0,
0,1,手搖飲料與麵食,白豆漿p,2,2.0,54.0,27.0,0.0,0.0,
0,1,手搖飲料與麵食,四季春茶(冰),1,1.0,40.0,40.0,0.0,0.0,
0,1,手搖飲料與麵食,魯肉飯(小),1,1.0,35.0,35.0,0.0,0.0,
0,1,手搖飲料與麵食,薯球(肯)(活動),1,1.0,10.0,10.0,0.0,0.0,
0,3,速食小食,豬腳能量碗,1,2.0,600.0,300.0,0.0,0.0,
0,3,速食小食,美國特選肥牛(半),1,1.0,249.0,249.0,0.0,0.0,
0,3,速食小食,招牌蝦滑(半),1,1.0,249.0,249.0,0.0,0.0,
0,3,速食小食,配-經典大薯,7,5.0,215.0,43.0,2.0,86.0,43.0
0,3,速食小食,b10_四重麥香雞,3,3.0,204.0,68.0,0.0,0.0,
0,3,速食小食,b12_四重麥香雞,3,3.0,204.0,68.0,0.0,0.0,
0,3,速食小食,撈派巴沙魚片(半),1,1.0,154.0,154.0,0.0,0.0,
0,3,速食小食,櫛瓜,3,5.0,150.0,30.0,0.0,0.0,
0,3,速食小食,豆皮烏龍麵,1,1.0,135.0,135.0,0.0,0.0,
0,3,速食小食,豆皮,3,4.0,120.0,30.0,0.0,0.0,
0,3,速食小食,水蓮菜(半),1,1.0,99.0,99.0,0.0,0.0,
0,3,速食小食,娃娃菜(半),1,1.0,95.0,95.0,0.0,0.0,
0,3,速食小食,孜然羊肉串,2,2.0,90.0,45.0,0.0,0.0,
0,3,速食小食,撈派撈麵,1,1.0,88.0,88.0,0.0,0.0,
0,3,速食小食,紅糖滋粑(半),1,1.0,84.0,84.0,0.0,0.0,
0,3,速食小食,雞腿肉串,1,2.0,80.0,40.0,0.0,0.0,
0,3,速食小食,響鈴卷(半),1,1.0,79.0,79.0,0.0,0.0,
0,3,速食小食,千張豆皮(半),1,1.0,69.0,69.0,0.0,0.0,
0,3,速食小食,a01_大薯+1多1,1,1.0,67.0,67.0,0.0,0.0,
0,3,速食小食,香菇,2,2.0,60.0,30.0,0.0,0.0,
0,3,速食小食,自選小料,1,1.0,50.0,50.0,0.0,0.0,
0,3,速食小食,日本越光米,1,1.0,50.0,50.0,0.0,0.0,
0,3,速食小食,凍豆腐(半),1,1.0,49.0,49.0,0.0,0.0,
0,3,速食小食,培根麻糬,1,1.0,45.0,45.0,0.0,0.0,
0,3,速食小食,特選牛肉串,1,1.0,45.0,45.0,0.0,0.0,
0,3,速食小食,馬鈴薯沙拉(熟),1,1.0,45.0,45.0,0.0,0.0,
0,3,速食小食,多汁雞肉捲,1,1.0,40.0,40.0,0.0,0.0,
0,3,速食小食,杏鮑菇,1,1.0,30.0,30.0,0.0,0.0,
0,3,速食小食,配-經典中薯,1,1.0,27.0,27.0,0.0,0.0,
0,3,速食小食,d小薯,1,1.0,10.0,10.0,0.0,0.0,
0,3,速食小食,水餃10粒-辣,1,0.0,0.0,,1.0,160.0,160.0
0,4,正餐主食,嫩切雞肉堡6吋,42,36.0,3575.0,99.3,6.0,594.0,99.0
0,4,正餐主食,松露野菇牛肝菌燉飯,1,1.0,280.0,280.0,0.0,0.0,
0,4,正餐主食,香蒜白酒蛤蠣麵 clams spaghetti with white wine & garlic oil,1,1.0,278.0,278.0,0.0,0.0,
0,4,正餐主食,島嶼咖哩雞肉燉飯 chicken & vegetables risotto with red curry cream sauce,1,1.0,268.0,268.0,0.0,0.0,
0,4,正餐主食,鮮嫩雞柳堡6吋,2,2.0,226.0,113.0,0.0,0.0,
0,4,正餐主食,鹽味舒肥雞poke-加購免洗餐盒2元,1,1.0,163.0,163.0,0.0,0.0,
0,4,正餐主食,燉煮叉燒肉,1,1.0,145.0,145.0,0.0,0.0,
0,4,正餐主食,義大利牛肉丸堡6吋,1,1.0,116.0,116.0,0.0,0.0,
0,4,正餐主食,豬肉拼盤 돼지모둠 pork combo 2人套餐五花肉 삼겹살 pork belly+松阪肉항정살pork jowl+梅花목살boston butt+海鮮大醬鍋(附飯) 된장찌개 soybean paste soup+韓式起司蒸雞蛋 치즈폭탄계란찜 cheese steamed eggs,1,0.0,0.0,,1.0,1199.0,1199.0
0,5,超商零食點心,卡辣姆久平切洋芋片勁辣唐辛35元,19,20.0,700.0,35.0,4.0,140.0,35.0
0,5,超商零食點心,(a)北海鱈魚香絲(大),5,5.0,250.0,50.0,2.0,100.0,50.0
0,5,超商零食點心,麥當勞勁辣鷄腿堡+薯條(小)+四塊麥克鷄塊+可樂(中) 好禮即享券,1,1.0,161.0,161.0,0.0,0.0,
0,5,超商零食點心,cremia 北海道冰淇淋之神生日快樂冰淇淋(口味任選),1,1.0,150.0,150.0,0.0,0.0,
0,5,超商零食點心,統一麵包快樂牛奶球,5,5.0,125.0,25.0,0.0,0.0,
0,5,超商零食點心,生吐司,1,1.0,95.0,95.0,0.0,0.0,
0,5,超商零食點心,g餓遊戲,1,1.0,88.0,88.0,0.0,0.0,
0,5,超商零食點心,(a)多力多滋超濃起司味玉米片,2,2.0,70.0,35.0,0.0,0.0,
0,5,超商零食點心,耕豆漿布丁燒 (蛋奶素)150g,1,1.0,70.0,70.0,0.0,0.0,
0,5,超商零食點心,卡辣姆久厚切洋芋片勁辣唐辛35元,1,2.0,70.0,35.0,0.0,0.0,
0,5,超商零食點心,一配哆啦a夢小蛋糕,2,2.0,60.0,30.0,0.0,0.0,
0,5,超商零食點心,鮮蛋沙拉可頌,1,1.0,55.0,55.0,0.0,0.0,
0,5,超商零食點心,健達巧克力含牛奶內餡(4入),1,1.0,49.0,49.0,0.0,0.0,
0,5,超商零食點心,統一布丁--雞蛋口味,1,3.0,36.0,12.0,0.0,0.0,
0,5,超商零食點心,新-哆啦a夢小蛋糕,1,1.0,30.0,30.0,0.0,0.0,
0,5,超商零食點心,蕃薯(30元),1,1.0,30.0,30.0,0.0,0.0,
0,5,超商零食點心,雪花嘉義方塊酥,1,1.0,25.0,25.0,0.0,0.0,
0,5,超商零食點心,黃金魚蛋,1,1.0,18.0,18.0,0.0,0.0,
0,5,超商零食點心,統一麵包愛心牛奶球,1,1.0,15.0,15.0,0.0,0.0,
0,5,超商零食點心,濃醇豆香波堤250318,1,0.0,0.0,,2.0,84.0,42.0
0,5,超商零食點心,芝麻包,1,0.0,0.0,,1.0,18.0,18.0
0,6,黑咖啡與輕食,咖啡廳coffee shops & tea salons,1,1.0,990.0,990.0,0.0,0.0,
0,6,黑咖啡與輕食,經典咖啡松露生巧,1,1.0,116.0,116.0,0.0,0.0,
0,6,黑咖啡與輕食,義式磚壓-火腿起士,1,1.0,80.0,80.0,0.0,0.0,
0,6,黑咖啡與輕食,hf焙茶鮮奶冰沙-中冰,1,1.0,80.0,80.0,0.0,0.0,
0,8,瓶裝茶飲,烏龍,1,1.0,250.0,250.0,0.0,0.0,
0,8,瓶裝茶飲,冰綠茶-小,6,6.0,210.0,35.0,0.0,0.0,
0,8,瓶裝茶飲,抹茶牛奶(i),1,1.0,180.0,180.0,0.0,0.0,
0,8,瓶裝茶飲,冰蘋果青茶大,1,1.0,154.0,154.0,0.0,0.0,
0,8,瓶裝茶飲,青檸甘蔗蕎麥綠寶,1,1.0,85.0,85.0,0.0,0.0,
0,8,瓶裝茶飲,輕烏龍鮮奶,1,1.0,65.0,65.0,0.0,0.0,
0,8,瓶裝茶飲,一配蜂蜜牛奶球,3,2.0,50.0,25.0,1.0,25.0,25.0
0,8,瓶裝茶飲,紅牌速纖纖維飲料tp330,1,1.0,15.0,15.0,0.0,0.0,
0,8,瓶裝茶飲,一配經典蜂蜜蛋糕,1,0.0,0.0,,1.0,35.0,35.0
0,8,瓶裝茶飲,冰紅茶-中,1,0.0,0.0,,1.0,38.0,38.0
0,8,瓶裝茶飲,冰綠茶-中,1,0.0,0.0,,1.0,43.0,43.0
0,8,瓶裝茶飲,黑糖牛奶-ice,1,0.0,0.0,,1.0,160.0,160.0
0,9,熟食飯糰,(a)御料小館香辣炸雞球,34,30.0,1350.0,45.0,4.0,180.0,45.0
0,9,熟食飯糰,粥天子-廣式皮蛋瘦肉煲粥,14,12.0,748.0,62.3,2.0,118.0,59.0
0,9,熟食飯糰,林聰明-雞肉飯飯糰,7,7.0,252.0,36.0,1.0,36.0,36.0
0,9,熟食飯糰,(a)御料小館椒鹽鹽酥雞,1,1.0,45.0,45.0,0.0,0.0,
0,9,熟食飯糰,(區)粥天子-田園雞蓉玉米粥,1,0.0,0.0,,1.0,59.0,59.0
0,14,生鮮水果早餐,桂格100%燕麥(顆粒微甜)290ml,13,16.0,560.0,35.0,0.0,0.0,
0,14,生鮮水果早餐,韓國農心辛香菇杯麵,8,7.0,343.0,49.0,2.0,98.0,49.0
0,14,生鮮水果早餐,台灣香蕉重量分享包(2入),7,6.0,180.0,30.0,1.0,30.0,30.0
0,14,生鮮水果早餐,(區)現蒸地瓜25元,6,6.0,150.0,25.0,0.0,0.0,
0,14,生鮮水果早餐,台灣上等蕉(裸賣),6,6.0,120.0,20.0,0.0,0.0,
0,14,生鮮水果早餐,無蛋白質poke-加購免洗餐盒2元,1,1.0,113.0,113.0,0.0,0.0,
0,14,生鮮水果早餐,(區)現蒸地瓜35元,2,2.0,70.0,35.0,0.0,0.0,
0,14,生鮮水果早餐,(區)現蒸地瓜30元,2,2.0,60.0,30.0,0.0,0.0,
0,14,生鮮水果早餐,白飯,1,1.0,60.0,60.0,0.0,0.0,
0,14,生鮮水果早餐,(區)現蒸地瓜40元,1,1.0,40.0,40.0,0.0,0.0,
0,14,生鮮水果早餐,桂格顆粒豆漿燕麥,1,1.0,35.0,35.0,0.0,0.0,
0,14,生鮮水果早餐,阜杭原味豆漿,1,1.0,35.0,35.0,0.0,0.0,
0,14,生鮮水果早餐,白蘿蔔,1,2.0,30.0,15.0,0.0,0.0,
0,14,生鮮水果早餐,(a)科學麵原味,1,1.0,10.0,10.0,0.0,0.0,
0,14,生鮮水果早餐,富士蘋果(截切-袋),1,0.0,0.0,,1.0,52.0,52.0
0,14,生鮮水果早餐,蘇菲清新涼感薄荷日用23cm9片,1,0.0,0.0,,2.0,198.0,99.0
0,21,超市鍋物點心,餅乾1片,27,27.0,675.0,25.0,3.0,75.0,25.0
0,21,超市鍋物點心,餅乾3片,11,10.0,600.0,60.0,1.0,60.0,60.0
0,21,超市鍋物點心,各種蔬菜餅,1,1.0,40.0,40.0,0.0,0.0,
0,21,超市鍋物點心,可樂餅,1,1.0,35.0,35.0,0.0,0.0,
0,21,超市鍋物點心,嫩煎蛋一片,1,1.0,35.0,35.0,0.0,0.0,
0,23,優酪乳乳製品,ab原味優酪乳517ml(瓶),9,8.0,392.0,49.0,1.0,49.0,49.0
0,23,優酪乳乳製品,ab原味優酪乳206ml(瓶),10,10.0,280.0,28.0,0.0,0.0,
0,23,優酪乳乳製品,ab原味優酪乳902ml(瓶),3,3.0,237.0,79.0,0.0,0.0,
0,23,優酪乳乳製品,福樂自然零藍莓優酪,7,6.0,180.0,30.0,2.0,60.0,30.0
0,23,優酪乳乳製品,蘋果香蕉奶昔 apple banana shake,1,1.0,170.0,170.0,0.0,0.0,
0,23,優酪乳乳製品,晨光葡萄土司,5,5.0,150.0,30.0,0.0,0.0,
0,23,優酪乳乳製品,ab優酪乳原味,7,4.0,112.0,28.0,6.0,168.0,28.0
0,23,優酪乳乳製品,起司牛肉可頌,1,1.0,100.0,100.0,0.0,0.0,
0,23,優酪乳乳製品,野生藍莓優格(m),1,1.0,95.0,95.0,0.0,0.0,
0,23,優酪乳乳製品,(a)義美葡萄qq巧克力球,1,2.0,80.0,40.0,0.0,0.0,
0,23,優酪乳乳製品,瑞穗鮮乳土司,1,1.0,58.0,58.0,0.0,0.0,
0,23,優酪乳乳製品,ladears 開心果可麗露,1,1.0,55.0,55.0,0.0,0.0,
0,23,優酪乳乳製品,光泉杯裝全脂鮮乳,1,1.0,42.0,42.0,0.0,0.0,
0,23,優酪乳乳製品,泰國皇家牛奶片 25g,1,1.0,38.0,38.0,0.0,0.0,
0,23,優酪乳乳製品,自然零藍莓優酪,2,1.0,30.0,30.0,1.0,30.0,30.0
0,23,優酪乳乳製品,金蘋果調味乳蘋果風味,2,1.0,18.0,18.0,1.0,22.0,22.0
0,23,優酪乳乳製品,鮮乳坊起司銀絲卷,2,0.0,0.0,,2.0,56.0,28.0
1,1,手搖飲料與麵食,黑蒜豚骨拉麵,12,12.0,2040.0,170.0,0.0,0.0,
1,1,手搖飲料與麵食,韓式泡菜拉麵,13,13.0,1950.0,150.0,0.0,0.0,
1,1,手搖飲料與麵食,清爽沙拉飯,15,11.0,1210.0,110.0,4.0,480.0,120.0
1,1,手搖飲料與麵食,大1四季春珍波椰,26,24.0,1200.0,50.0,2.0,100.0,50.0
1,1,手搖飲料與麵食,金萱雙q,28,23.0,1150.0,50.0,7.0,350.0,50.0
1,1,手搖飲料與麵食,皮蛋乾麵,10,12.0,1140.0,95.0,0.0,0.0,
1,1,手搖飲料與麵食,小菜,1,1.0,425.0,425.0,0.0,0.0,
1,1,手搖飲料與麵食,飲料,4,3.0,240.0,80.0,1.0,65.0,65.0
1,1,手搖飲料與麵食,蛤蠣湯,4,4.0,220.0,55.0,0.0,0.0,
1,1,手搖飲料與麵食,博多叉燒拉麵 (大),1,1.0,210.0,210.0,0.0,0.0,
1,1,手搖飲料與麵食,燙青菜,5,5.0,200.0,40.0,0.0,0.0,
1,1,手搖飲料與麵食,松露豚骨拉麵,1,1.0,185.0,185.0,0.0,0.0,
1,1,手搖飲料與麵食,餛飩湯,3,3.0,180.0,60.0,0.0,0.0,
1,1,手搖飲料與麵食,咖哩玉米海帶芽拉麵 (小),1,1.0,170.0,170.0,0.0,0.0,
1,1,手搖飲料與麵食,釜山紅湯拉麵,1,1.0,150.0,150.0,0.0,0.0,
1,1,手搖飲料與麵食,小鍋粑粑絲,1,1.0,150.0,150.0,0.0,0.0,
1,1,手搖飲料與麵食,小鍋米線-不肝,1,1.0,150.0,150.0,0.0,0.0,
1,1,手搖飲料與麵食,豆干滷蛋海帶,3,3.0,120.0,40.0,0.0,0.0,
1,1,手搖飲料與麵食,炒高麗菜,1,1.0,90.0,90.0,0.0,0.0,
1,1,手搖飲料與麵食,大四季春青茶,2,2.0,80.0,40.0,0.0,0.0,
1,1,手搖飲料與麵食,川味麻辣鐵板麵(含蛋),1,1.0,55.0,55.0,0.0,0.0,
1,1,手搖飲料與麵食,冬瓜茶,1,1.0,25.0,25.0,0.0,0.0,
1,1,手搖飲料與麵食,291689麥當勞速食餐,1,0.0,0.0,,1.0,108.0,108.0
1,2,停車費與加油,95無鉛汽油,4,17.78,540.0,30.4,0.0,0.0,
1,2,停車費與加油,臨停,6,6.0,180.0,30.0,0.0,0.0,
1,2,停車費與加油,95+無鉛,1,4.81,138.0,28.7,0.0,0.0,
1,2,停車費與加油,95plus無鉛,1,4.22,121.0,28.7,0.0,0.0,
1,2,停車費與加油,停車費,8,4.0,120.0,30.0,4.0,120.0,30.0
1,2,停車費與加油,95無鉛,1,3.83,111.0,29.0,0.0,0.0,
1,3,速食小食,四塊麥克雞塊,7,6.0,288.0,48.0,1.0,48.0,48.0
1,3,速食小食,涼拌豆干絲,7,7.0,245.0,35.0,0.0,0.0,
1,3,速食小食,椒麻雞(微辣)-不香菜,1,1.0,190.0,190.0,0.0,0.0,
1,3,速食小食,薯條-大,2,2.0,132.0,66.0,0.0,0.0,
1,3,速食小食,韓風香蒜雞腿堡,1,1.0,124.0,124.0,0.0,0.0,
1,3,速食小食,紅油口水雞,1,1.0,110.0,110.0,0.0,0.0,
1,3,速食小食,十塊麥克雞塊,1,1.0,109.0,109.0,0.0,0.0,
1,3,速食小食,薯來堡(牛),1,1.0,100.0,100.0,0.0,0.0,
1,3,速食小食,涼拌小黃瓜,1,1.0,50.0,50.0,0.0,0.0,
1,3,速食小食,麥香雞,1,1.0,48.0,48.0,0.0,0.0,
1,3,速食小食,配-經典大薯,1,1.0,43.0,43.0,0.0,0.0,
1,3,速食小食,紅油脆筍,1,1.0,40.0,40.0,0.0,0.0,
1,3,速食小食,花枝丸x4,1,0.0,0.0,,1.0,45.0,45.0
1,4,正餐主食,母傳原湯清燉牛肉,12,12.0,2688.0,224.0,4.0,1066.0,266.5
1,4,正餐主食,12fit - 特餐_七味蒜香雞胸(b),18,17.0,2125.0,125.0,1.0,125.0,125.0
1,4,正餐主食,日香雞肉飯 - 私房辣椒雞腿飯(b),8,7.0,840.0,120.0,1.0,120.0,120.0
1,4,正餐主食,燙青菜,11,8.0,554.0,69.2,3.0,219.0,73.0
1,4,正餐主食,經典香韻紅燒三寶,2,2.0,498.0,249.0,0.0,0.0,
1,4,正餐主食,照燒雞肉堡6吋,4,4.0,473.0,118.2,0.0,0.0,
1,4,正餐主食,經典香韻紅燒牛肉,4,2.0,468.0,234.0,2.0,453.0,226.5
1,4,正餐主食,厚切嫩牛堡6吋,3,3.0,402.0,134.0,0.0,0.0,
1,4,正餐主食,松露野菇牛肝菌燉飯,1,1.0,280.0,280.0,0.0,0.0,
1,4,正餐主食,炒野菇沙拉 field mushroom salad,1,1.0,280.0,280.0,0.0,0.0,
1,4,正餐主食,經典香韻紅燒半筋半肉,1,1.0,252.0,252.0,0.0,0.0,
1,4,正餐主食,燒烤牛肉堡6吋,2,2.0,250.0,125.0,0.0,0.0,
1,4,正餐主食,陽光bbq健康餐 - 匈牙利香蒜雞胸(c),2,2.0,250.0,125.0,0.0,0.0,
1,4,正餐主食,五椒麻辣牛肉,1,1.0,221.0,221.0,0.0,0.0,
1,4,正餐主食,雙層牛肉堡,4,3.0,216.0,72.0,1.0,72.0,72.0
1,4,正餐主食,番茄匈牙利雞腿排,1,1.0,200.0,200.0,0.0,0.0,
1,4,正餐主食,辣豬---o----紅茶(冷),1,1.0,175.0,175.0,0.0,0.0,
1,4,正餐主食,珍大雞排 - 炙燒火烤雞腿(b),1,1.0,135.0,135.0,0.0,0.0,
1,4,正餐主食,(牛)炸蝦堡,1,1.0,134.0,134.0,0.0,0.0,
1,4,正餐主食,珍大雞排 - 珍大雞排飯(f),1,1.0,125.0,125.0,0.0,0.0,
1,4,正餐主食,赤香雞柳王 - 韓式直火燒肉片(e),1,1.0,125.0,125.0,0.0,0.0,
1,4,正餐主食,輕輕地中海餐盒 - 匈牙利香蒜雞胸(c),1,1.0,125.0,125.0,0.0,0.0,
1,4,正餐主食,蘿勒燻雞三明治特餐,1,1.0,125.0,125.0,0.0,0.0,
1,4,正餐主食,12fit - 特餐_柚香檸檬清炒雞(a),1,1.0,120.0,120.0,0.0,0.0,
1,4,正餐主食,火腿堡6吋,1,1.0,95.0,95.0,0.0,0.0,
1,4,正餐主食,菠蘿牛角(北),1,1.0,45.0,45.0,0.0,0.0,
1,4,正餐主食,黑胡椒豬里肌,1,1.0,30.0,30.0,0.0,0.0,
1,5,超商零食點心,金塊香蒜-小單位,24,22.0,924.0,42.0,2.0,84.0,42.0
1,5,超商零食點心,超級大麥海洋珍珠堡,10,9.0,765.0,85.0,1.0,85.0,85.0
1,5,超商零食點心,d摩斯雞塊套加60,13,11.0,660.0,60.0,2.0,114.0,57.0
1,5,超商零食點心,星-二配板巧克力夾心土司,15,15.0,480.0,32.0,0.0,0.0,
1,5,超商零食點心,摩斯鱈魚堡,7,5.0,350.0,70.0,2.0,133.0,66.5
1,5,超商零食點心,極選厚菠蘿,8,8.0,312.0,39.0,0.0,0.0,
1,5,超商零食點心,超級大麥杏鮑菇珍珠堡,3,3.0,240.0,80.0,0.0,0.0,
1,5,超商零食點心,鮪魚肉鬆雙手卷,2,2.0,118.0,59.0,0.0,0.0,
1,5,超商零食點心,石安牧場溏心蛋飯糰(圓),3,3.0,117.0,39.0,0.0,0.0,
1,5,超商零食點心,32層菠蘿可頌,2,2.0,100.0,50.0,0.0,0.0,
1,5,超商零食點心,三起司燻腸完熟蕃茄義大利麵,1,1.0,89.0,89.0,0.0,0.0,
1,5,超商零食點心,和風炸雞-大,1,1.0,85.0,85.0,0.0,0.0,
1,5,超商零食點心,海洋珍珠堡,2,1.0,80.0,80.0,1.0,72.0,72.0
1,5,超商零食點心,一配菠蘿麵包,2,2.0,70.0,35.0,0.0,0.0,
1,5,超商零食點心,辣味和風雞腿塊,1,1.0,70.0,70.0,0.0,0.0,
1,5,超商零食點心,和風雞腿塊-摩斯辣醬,1,1.0,70.0,70.0,0.0,0.0,
1,5,超商零食點心,美式原味熱狗,2,2.0,66.0,33.0,0.0,0.0,
1,5,超商零食點心,新感覺可可夾心,2,2.0,60.0,30.0,0.0,0.0,
1,5,超商零食點心,c黃金地瓜薯條套加6,1,1.0,60.0,60.0,0.0,0.0,
1,5,超商零食點心,b夏威夷元氣沙拉50,2,1.0,50.0,50.0,1.0,50.0,50.0
1,5,超商零食點心,鮭魚鮭魚卵(圓),1,1.0,45.0,45.0,0.0,0.0,
1,5,超商零食點心,日式碳烤風味熱狗,1,1.0,38.0,38.0,0.0,0.0,
1,5,超商零食點心,新感覺草莓夾心,1,1.0,30.0,30.0,0.0,0.0,
1,5,超商零食點心,惜時金貓餐罐80g(鮪魚+蝦肉蟹肉),1,1.0,29.0,29.0,0.0,0.0,
1,5,超商零食點心,不沾手番茄芥末醬,1,1.0,5.0,5.0,0.0,0.0,
1,5,超商零食點心,二配板巧克力夾心土司,1,0.0,0.0,,1.0,32.0,32.0
1,6,黑咖啡與輕食,輕食咖啡廳,15,14.0,3148.0,224.9,1.0,235.0,235.0
1,6,黑咖啡與輕食,16oz(冰)特選美式咖啡,32,30.0,1800.0,60.0,2.0,120.0,60.0
1,6,黑咖啡與輕食,美式冰咖啡(大),20,19.0,855.0,45.0,4.0,180.0,45.0
1,6,黑咖啡與輕食,特選美式冰咖啡(大),8,8.0,520.0,65.0,0.0,0.0,
1,6,黑咖啡與輕食,a 美式黑咖啡-中冰,6,4.0,235.0,58.8,2.0,120.0,60.0
1,6,黑咖啡與輕食,四 四季翠玉青茶-大冰,4,4.0,200.0,50.0,0.0,0.0,
1,6,黑咖啡與輕食,路易莎咖啡餐點類,3,3.0,191.0,63.7,0.0,0.0,
1,6,黑咖啡與輕食,美式冰咖啡(特大),1,3.0,180.0,60.0,0.0,0.0,
1,6,黑咖啡與輕食,濃萃美式冰咖啡(大),1,3.0,150.0,50.0,0.0,0.0,
1,6,黑咖啡與輕食,a 美式黑咖啡-大冰,2,2.0,140.0,70.0,0.0,0.0,
1,6,黑咖啡與輕食,麥香三明治-香燻雞肉,3,2.0,135.0,67.5,1.0,70.0,70.0
1,6,黑咖啡與輕食,冰美式咖啡大,1,1.0,115.0,115.0,0.0,0.0,
1,6,黑咖啡與輕食,咖哩盤30cm,1,1.0,99.0,99.0,0.0,0.0,
1,6,黑咖啡與輕食,風味三明治-香燻雞肉,1,1.0,75.0,75.0,0.0,0.0,
1,6,黑咖啡與輕食,超值早餐派對,1,1.0,71.0,71.0,0.0,0.0,
1,6,黑咖啡與輕食,pt 水蜜桃蘋果茶-中冰,1,1.0,65.0,65.0,0.0,0.0,
1,6,黑咖啡與輕食,scr小農雪點鮮奶茶-中熱,1,1.0,60.0,60.0,0.0,0.0,
1,6,黑咖啡與輕食,美式軟餅乾-黑紳士咖啡巧克力(片),2,2.0,60.0,30.0,0.0,0.0,
1,6,黑咖啡與輕食,麥當勞豬肉滿福堡加蛋送冰經典美式咖啡中杯(好禮即享券),1,1.0,58.0,58.0,0.0,0.0,
1,6,黑咖啡與輕食,深黑巧克脆皮泡芙(個),1,1.0,49.0,49.0,0.0,0.0,
1,6,黑咖啡與輕食,美式熱咖啡(大),1,1.0,45.0,45.0,0.0,0.0,
1,6,黑咖啡與輕食,左岸咖啡館奶茶240ml(杯),1,1.0,35.0,35.0,0.0,0.0,
1,6,黑咖啡與輕食,美式軟餅乾-超人氣經典巧克力(片),1,1.0,30.0,30.0,0.0,0.0,
1,7,瓶裝水,(a)統一h2o純水pet2200,11,20.0,700.0,35.0,2.0,70.0,35.0
1,7,瓶裝水,fmc鹼性離子水800ml,2,2.0,58.0,29.0,0.0,0.0,
1,7,瓶裝水,統一h2o純水pet1500,1,1.0,30.0,30.0,0.0,0.0,
1,7,瓶裝水,泰山純水,1,1.0,20.0,20.0,0.0,0.0,
1,7,瓶裝水,泰山純水pet700,1,1.0,20.0,20.0,0.0,0.0,
1,7,瓶裝水,(a)統一uni water純水pet550,1,1.0,20.0,20.0,0.0,0.0,
1,7,瓶裝水,統一ph9鹼性離子水,4,0.0,0.0,,4.0,112.0,28.0
1,8,瓶裝茶飲,午后時光-重乳奶茶tp330,18,30.0,750.0,25.0,6.0,150.0,25.0
1,8,瓶裝茶飲,冰紅茶-大(新),13,11.0,440.0,40.0,3.0,117.0,39.0
1,8,瓶裝茶飲,牧香穀物鮮奶茶(l),5,5.0,350.0,70.0,0.0,0.0,
1,8,瓶裝茶飲,芽香綠金萱(l),9,9.0,315.0,35.0,0.0,0.0,
1,8,瓶裝茶飲,油切蕎麥茶,5,5.0,210.0,42.0,0.0,0.0,
1,8,瓶裝茶飲,玉米濃湯,4,3.0,165.0,55.0,1.0,49.0,49.0
1,8,瓶裝茶飲,鮮奶紅-冰,1,1.0,130.0,130.0,0.0,0.0,
1,8,瓶裝茶飲,柔香青金萱(l),3,3.0,120.0,40.0,0.0,0.0,
1,8,瓶裝茶飲,金萱雙q,2,2.0,100.0,50.0,0.0,0.0,
1,8,瓶裝茶飲,蜂蜜青茶-冰,1,1.0,100.0,100.0,0.0,0.0,
1,8,瓶裝茶飲,重乳奶茶tp330,5,4.0,100.0,25.0,1.0,25.0,25.0
1,8,瓶裝茶飲,大阿薩姆紅茶,2,2.0,80.0,40.0,0.0,0.0,
1,8,瓶裝茶飲,焦糖海鹽鮮奶茶(l),1,1.0,80.0,80.0,0.0,0.0,
1,8,瓶裝茶飲,金萱奶綠大,1,1.0,65.0,65.0,0.0,0.0,
1,8,瓶裝茶飲,焙金萱鮮奶茶(l),1,1.0,65.0,65.0,0.0,0.0,
1,8,瓶裝茶飲,大 紅茶拿鐵,1,1.0,65.0,65.0,0.0,0.0,
1,8,瓶裝茶飲,茶中香檳鮮奶茶(l),1,1.0,65.0,65.0,0.0,0.0,
1,8,瓶裝茶飲,奶茶(l)(冰),2,2.0,60.0,30.0,0.0,0.0,
1,8,瓶裝茶飲,飲料,1,1.0,54.0,54.0,0.0,0.0,
1,8,瓶裝茶飲,白玉珍珠 / 無糖 / 微冰,6,5.0,50.0,10.0,1.0,10.0,10.0
1,8,瓶裝茶飲,中冰摩斯咖啡,1,1.0,50.0,50.0,0.0,0.0,
1,8,瓶裝茶飲,冰奶茶,1,1.0,50.0,50.0,0.0,0.0,
1,8,瓶裝茶飲,巧達濃湯,1,1.0,45.0,45.0,0.0,0.0,
1,8,瓶裝茶飲,冰綠茶-中,1,1.0,43.0,43.0,0.0,0.0,
1,8,瓶裝茶飲,光泉午后時光重乳奶茶400ml,1,1.0,35.0,35.0,0.0,0.0,
1,8,瓶裝茶飲,冰紅茶-中(新),1,1.0,35.0,35.0,0.0,0.0,
1,8,瓶裝茶飲,奶茶(xl)(冰),1,1.0,35.0,35.0,0.0,0.0,
1,8,瓶裝茶飲,可樂-大(新),1,1.0,35.0,35.0,0.0,0.0,
1,8,瓶裝茶飲,無糖 / 微冰 / 白玉珍珠,4,3.0,30.0,10.0,1.0,10.0,10.0
1,8,瓶裝茶飲,飲冰室茶集綠奶茶,1,1.0,25.0,25.0,0.0,0.0,
1,8,瓶裝茶飲,飲冰室茶集紅奶茶,1,1.0,25.0,25.0,0.0,0.0,
1,8,瓶裝茶飲,pkl330立頓琥珀紅茶,1,1.0,13.0,13.0,0.0,0.0,
1,8,瓶裝茶飲,發發通化 - 芽香綠金萱(l),1,0.0,0.0,,1.0,40.0,40.0
1,8,瓶裝茶飲,856576可口奶滋鐵觀音口味隨手分享包10,1,0.0,0.0,,1.0,40.0,40.0
1,8,瓶裝茶飲,856574可口奶滋原味隨手分享包100g,1,0.0,0.0,,1.0,39.0,39.0
1,10,手搖甜點飲,紅茶,30,27.0,2430.0,90.0,4.0,360.0,90.0
1,10,手搖甜點飲,多多綠茶,17,14.0,1680.0,120.0,3.0,360.0,120.0
1,10,手搖甜點飲,極致巧克力蛋糕,8,10.0,1600.0,160.0,0.0,0.0,
1,10,手搖甜點飲,奶茶,12,11.0,1430.0,130.0,1.0,130.0,130.0
1,10,手搖甜點飲,草莓,8,8.0,1280.0,160.0,0.0,0.0,
1,10,手搖甜點飲,原味波士頓,9,7.0,1120.0,160.0,3.0,480.0,160.0
1,10,手搖甜點飲,酥脆雞塊,8,8.0,1040.0,130.0,0.0,0.0,
1,10,手搖甜點飲,炙燒乳酪蛋糕,6,6.0,960.0,160.0,0.0,0.0,
1,10,手搖甜點飲,草莓白乳酪,3,3.0,480.0,160.0,0.0,0.0,
1,10,手搖甜點飲,香蒜起士麵包,3,4.0,380.0,95.0,0.0,0.0,
1,10,手搖甜點飲,提拉米蘇,2,2.0,320.0,160.0,0.0,0.0,
1,10,手搖甜點飲,生乳捲,1,2.0,320.0,160.0,0.0,0.0,
1,10,手搖甜點飲,法式乳酪,3,2.0,320.0,160.0,1.0,160.0,160.0
1,10,手搖甜點飲,白醬嫩煎雞肉 寬扁麵,1,1.0,270.0,270.0,0.0,0.0,
1,10,手搖甜點飲,青醬嫩煎雞肉 寬扁麵,1,1.0,270.0,270.0,0.0,0.0,
1,10,手搖甜點飲,菲力雞排麵包,1,1.0,200.0,200.0,0.0,0.0,
1,10,手搖甜點飲,楚佛巧克力,1,1.0,200.0,200.0,0.0,0.0,
1,10,手搖甜點飲,拿鐵,1,1.0,190.0,190.0,0.0,0.0,
1,10,手搖甜點飲,熱帶叢林,1,1.0,190.0,190.0,0.0,0.0,
1,10,手搖甜點飲,風味奶茶,1,1.0,170.0,170.0,0.0,0.0,
1,10,手搖甜點飲,泡芙,1,1.0,160.0,160.0,0.0,0.0,
1,10,手搖甜點飲,西西里榛果塔,1,1.0,160.0,160.0,0.0,0.0,
1,10,手搖甜點飲,西西里開心果慕斯,1,1.0,160.0,160.0,0.0,0.0,
1,10,手搖甜點飲,巴斯克蛋糕,1,1.0,160.0,160.0,0.0,0.0,
1,10,手搖甜點飲,大 多多綠,1,1.0,55.0,55.0,0.0,0.0,
1,11,桌球撞球,桌球場,53,47.0,4700.0,100.0,6.0,600.0,100.0
1,11,桌球撞球,撞球場,2,2.0,240.0,120.0,0.0,0.0,
1,11,桌球撞球,健身房全票60分鐘,1,1.0,50.0,50.0,0.0,0.0,
1,14,生鮮水果早餐,芽香綠金萱(l),14,11.0,385.0,35.0,3.0,105.0,35.0
1,14,生鮮水果早餐,台灣香蕉重量分享包(2入),8,6.0,180.0,30.0,2.0,60.0,30.0
1,14,生鮮水果早餐,台灣上等蕉(裸賣),7,7.0,140.0,20.0,0.0,0.0,
1,14,生鮮水果早餐,手工高麗菜捲,4,5.0,125.0,25.0,0.0,0.0,
1,14,生鮮水果早餐,蘿蔔糕,3,3.0,105.0,35.0,0.0,0.0,
1,14,生鮮水果早餐,313153精緻丹麥系列/個(a),3,3.0,84.0,28.0,0.0,0.0,
1,14,生鮮水果早餐,黃金脆薯,2,2.0,80.0,40.0,0.0,0.0,
1,14,生鮮水果早餐,柔香青金萱(l),2,2.0,80.0,40.0,0.0,0.0,
1,14,生鮮水果早餐,芽香綠金萱,1,1.0,45.0,45.0,0.0,0.0,
1,14,生鮮水果早餐,京都念慈菴雙層枇杷軟喉糖(原味),1,1.0,45.0,45.0,0.0,0.0,
1,14,生鮮水果早餐,統一陽光糙米漿400ml(盒),1,1.0,25.0,25.0,0.0,0.0,
1,14,生鮮水果早餐,台灣黑輪,1,1.0,15.0,15.0,0.0,0.0,
1,15,大學商店食品,起士核桃堡140元,4,7.0,931.0,133.0,0.0,0.0,
1,15,大學商店食品,三明治冰淇淋,8,7.0,205.0,29.3,1.0,29.0,29.0
1,15,大學商店食品,歐式蔓越莓核桃65元,1,1.0,62.0,62.0,0.0,0.0,
1,16,停車費,parking fee,101,94.0,3280.0,34.9,7.0,245.0,35.0
1,16,停車費,停車費,28,24.0,765.0,31.9,4.0,140.0,35.0
1,16,停車費,臨停費用,1,1.0,40.0,40.0,0.0,0.0,
1,16,停車費,停車費用,1,1.0,20.0,20.0,0.0,0.0,
1,22,美式咖啡,大冰美式,45,39.0,1755.0,45.0,6.0,270.0,45.0
1,22,美式咖啡,特大冰美式,2,2.0,120.0,60.0,0.0,0.0,
1,22,美式咖啡,中冰美式,2,1.0,35.0,35.0,1.0,35.0,35.0
2,1,手搖飲料與麵食,清爽沙拉飯,3,3.0,330.0,110.0,0.0,0.0,
2,1,手搖飲料與麵食,香辣麵里肌,1,1.0,267.0,267.0,0.0,0.0,
2,1,手搖飲料與麵食,sf04 炒粿條,1,1.0,251.0,251.0,0.0,0.0,
2,1,手搖飲料與麵食,sf04 炒粿條-小辣,1,1.0,236.0,236.0,0.0,0.0,
2,1,手搖飲料與麵食,客製麻辣豚骨拉麵,1,1.0,170.0,170.0,0.0,0.0,
2,1,手搖飲料與麵食,客製醬油豚骨拉麵,1,1.0,160.0,160.0,0.0,0.0,
2,1,手搖飲料與麵食,(學)極饗-真飽香辣麻醬涼麵,1,1.0,65.0,65.0,0.0,0.0,
2,1,手搖飲料與麵食,川味麻辣鍋,1,1.0,54.0,54.0,0.0,0.0,
2,1,手搖飲料與麵食,腰內豬排咖哩飯,1,0.0,0.0,,1.0,199.0,199.0
2,3,速食小食,藜麥辣脆雞沙拉,2,2.0,278.0,139.0,0.0,0.0,
2,3,速食小食,薯條-大,2,3.0,198.0,66.0,0.0,0.0,
2,3,速食小食,香辣麵q雞,1,1.0,168.0,168.0,0.0,0.0,
2,3,速食小食,麥香魚,3,3.0,156.0,52.0,0.0,0.0,
2,3,速食小食,1 地瓜薯條,1,1.0,147.0,147.0,0.0,0.0,
2,3,速食小食,藜麥烤雞沙拉,1,1.0,139.0,139.0,0.0,0.0,
2,3,速食小食,寶山黑糖麻糬手,3,3.0,117.0,39.0,0.0,0.0,
2,3,速食小食,巧克力濃心菠蘿,3,3.0,117.0,39.0,0.0,0.0,
2,3,速食小食,經典排骨便當,1,1.0,95.0,95.0,0.0,0.0,
2,3,速食小食,蕈菇嫩蛋焙果堡,1,1.0,91.0,91.0,0.0,0.0,
2,3,速食小食,炸醬麵-素食,1,1.0,77.0,77.0,0.0,0.0,
2,3,速食小食,金脆雞棒腿便當,1,1.0,69.0,69.0,0.0,0.0,
2,3,速食小食,d08 豆漿仙草,1,1.0,64.0,64.0,0.0,0.0,
2,3,速食小食,海鹽焦糖千層酥,1,1.0,61.0,61.0,0.0,0.0,
2,3,速食小食,起司燒,2,2.0,60.0,30.0,0.0,0.0,
2,3,速食小食,隨緣紅燒嫩菇麵,2,2.0,59.0,29.5,0.0,0.0,
2,3,速食小食,隨緣沙茶豆腐麵,2,2.0,59.0,29.5,0.0,0.0,
2,3,速食小食,麵大師醬香小醋,1,1.0,55.0,55.0,0.0,0.0,
2,3,速食小食,亨氏番茄醬,1,1.0,48.0,48.0,0.0,0.0,
2,3,速食小食,抹茶本味,1,1.0,47.0,47.0,0.0,0.0,
2,3,速食小食,馬鈴薯沙拉(熟),1,1.0,45.0,45.0,0.0,0.0,
2,3,速食小食,起司qq球,1,1.0,39.0,39.0,0.0,0.0,
2,3,速食小食,丹麥奶酥菠蘿,1,1.0,39.0,39.0,0.0,0.0,
2,3,速食小食,三重起司麵包,1,1.0,39.0,39.0,0.0,0.0,
2,3,速食小食,奇巧酥脆威化巧,1,1.0,39.0,39.0,0.0,0.0,
2,3,速食小食,泰山紅豆湯,1,1.0,31.0,31.0,0.0,0.0,
2,3,速食小食,味味a 川香椒麻,1,1.0,30.0,30.0,0.0,0.0,
2,3,速食小食,雙響泡日式雞白,1,1.0,28.0,28.0,0.0,0.0,
2,3,速食小食,家常起司口味,1,1.0,28.0,28.0,0.0,0.0,
2,3,速食小食,黑松沙士加鹽,1,1.0,25.0,25.0,0.0,0.0,
2,3,速食小食,茶裏王日式無糖,1,1.0,18.0,18.0,0.0,0.0,
2,3,速食小食,筷子(計價餐具),1,1.0,1.0,1.0,0.0,0.0,
2,3,速食小食,愛之味分解茶秋,1,0.0,0.0,,1.0,26.0,26.0
2,3,速食小食,炸餃子,1,0.0,0.0,,1.0,80.0,80.0
2,3,速食小食,薯條-中,1,0.0,0.0,,1.0,50.0,50.0
2,3,速食小食,六塊麥克雞塊,1,0.0,0.0,,1.0,68.0,68.0
2,3,速食小食,高麗菜50,1,0.0,0.0,,1.0,50.0,50.0
2,3,速食小食,辣子雞丁90,1,0.0,0.0,,1.0,90.0,90.0
2,3,速食小食,香菇肉70,1,0.0,0.0,,1.0,70.0,70.0
2,3,速食小食,金沙杏鮑菇80,1,0.0,0.0,,1.0,80.0,80.0
2,3,速食小食,白飯一杯20,1,0.0,0.0,,1.0,20.0,20.0
2,3,速食小食,番茄炒蛋60,1,0.0,0.0,,1.0,60.0,60.0
2,3,速食小食,季節青菜60,1,0.0,0.0,,1.0,60.0,60.0
2,5,超商零食點心,起司蛋堡,6,6.0,312.0,52.0,0.0,0.0,
2,5,超商零食點心,焦糖可可碎片大,1,1.0,165.0,165.0,0.0,0.0,
2,5,超商零食點心,鮪魚起司溏心蛋三明治,3,3.0,135.0,45.0,0.0,0.0,
2,5,超商零食點心,雙球冰淇淋,1,1.0,130.0,130.0,0.0,0.0,
2,5,超商零食點心,法式岩漿巧克力,1,1.0,113.0,113.0,0.0,0.0,
2,5,超商零食點心,鮪魚洋芋溏心蛋三明治,2,2.0,98.0,49.0,0.0,0.0,
2,5,超商零食點心,31冰淇淋,1,1.0,95.0,95.0,0.0,0.0,
2,5,超商零食點心,黑松沙士,1,2.0,70.0,35.0,0.0,0.0,
2,5,超商零食點心,波的多濃厚蚵仔煎洋芋片,1,2.0,70.0,35.0,0.0,0.0,
2,5,超商零食點心,金黃起司火腿蛋三明治,3,2.0,70.0,35.0,1.0,35.0,35.0
2,5,超商零食點心,質立藍莓冰淇淋,1,1.0,69.0,69.0,0.0,0.0,
2,5,超商零食點心,芋泥可麗露,1,1.0,66.0,66.0,0.0,0.0,
2,5,超商零食點心,葡式蛋塔,1,1.0,50.0,50.0,0.0,0.0,
2,5,超商零食點心,真松露巧克力奶蓋雪糕,1,1.0,49.0,49.0,0.0,0.0,
2,5,超商零食點心,反烤焦糖布丁蛋糕,1,1.0,49.0,49.0,0.0,0.0,
2,5,超商零食點心,杯裝起司蛋糕霜淇淋,1,1.0,49.0,49.0,0.0,0.0,
2,5,超商零食點心,起司四合奏三明治,1,1.0,49.0,49.0,0.0,0.0,
2,5,超商零食點心,鮮奶芋泥,1,1.0,45.0,45.0,0.0,0.0,
2,5,超商零食點心,雞蛋沙拉三明治,1,1.0,45.0,45.0,0.0,0.0,
2,5,超商零食點心,經典總匯三明治,1,1.0,45.0,45.0,0.0,0.0,
2,5,超商零食點心,瘋狂起司三明治,1,1.0,42.0,42.0,0.0,0.0,
2,5,超商零食點心,niseko海鹽焦糖雪糕,1,1.0,40.0,40.0,0.0,0.0,
2,5,超商零食點心,統一大雞蛋布丁,1,2.0,40.0,20.0,0.0,0.0,
2,5,超商零食點心,(區)雙倍起司火腿蛋三明治,1,1.0,39.0,39.0,0.0,0.0,
2,5,超商零食點心,火腿起司蛋三明治,1,1.0,35.0,35.0,0.0,0.0,
2,5,超商零食點心,冰戀雙旋冰淇淋,1,1.0,32.0,32.0,0.0,0.0,
2,5,超商零食點心,二配花生夾心土司,1,1.0,32.0,32.0,0.0,0.0,
2,5,超商零食點心,好多蛋三明治,1,0.0,0.0,,1.0,59.0,59.0
2,5,超商零食點心,二配熱狗麵包,1,0.0,0.0,,1.0,15.0,15.0
2,5,超商零食點心,香蕉可可三明治,1,0.0,0.0,,1.0,39.0,39.0
2,5,超商零食點心,雙倍or冰炫風,1,0.0,0.0,,1.0,65.0,65.0
2,7,瓶裝水,多喝水鹼性竹炭,18,18.0,864.0,48.0,0.0,0.0,
2,7,瓶裝水,味丹多喝水,10,9.0,426.0,47.3,1.0,46.0,46.0
2,7,瓶裝水,泰山淨之水,7,6.0,288.0,48.0,1.0,48.0,48.0
2,7,瓶裝水,ex強氣泡水,4,3.0,59.0,19.7,1.0,21.0,21.0
2,7,瓶裝水,fmc鹼性離子水800ml,2,2.0,58.0,29.0,0.0,0.0,
2,7,瓶裝水,統一鹼性離子水,2,2.0,42.0,21.0,0.0,0.0,
2,7,瓶裝水,心樸元氣純水6200ml,1,1.0,39.0,39.0,0.0,0.0,
2,7,瓶裝水,(a)統一h2o純水pet2200,1,1.0,35.0,35.0,0.0,0.0,
2,7,瓶裝水,多喝水pet2000,1,1.0,35.0,35.0,0.0,0.0,
2,7,瓶裝水,統一h2o純水pet1500,1,1.0,30.0,30.0,0.0,0.0,
2,7,瓶裝水,悅氏天然水2200ml,1,1.0,28.0,28.0,0.0,0.0,
2,7,瓶裝水,悅氏light鹼性水,1,1.0,20.0,20.0,0.0,0.0,
2,7,瓶裝水,泰山純水 700ml,1,0.0,0.0,,1.0,15.0,15.0
2,7,瓶裝水,泰山純水,2,0.0,0.0,,2.0,40.0,20.0
2,8,瓶裝茶飲,黃金蕎麥鮮奶,4,4.0,320.0,80.0,0.0,0.0,
2,8,瓶裝茶飲,焦糖粉粿奶茶,4,3.0,165.0,55.0,1.0,65.0,65.0
2,8,瓶裝茶飲,l-開心果抹茶-完美冰,1,1.0,145.0,145.0,0.0,0.0,
2,8,瓶裝茶飲,青檸甘蔗蕎麥綠寶,1,1.0,85.0,85.0,0.0,0.0,
2,8,瓶裝茶飲,d02 大馬式拉茶,1,1.0,72.0,72.0,0.0,0.0,
2,8,瓶裝茶飲,馥莓蕎麥綠寶,1,1.0,65.0,65.0,0.0,0.0,
2,8,瓶裝茶飲,布丁奶茶-中,1,1.0,50.0,50.0,0.0,0.0,
2,8,瓶裝茶飲,愛之味寒天檸檬,1,1.0,36.0,36.0,0.0,0.0,
2,8,瓶裝茶飲,kirin 午後奶茶,1,1.0,36.0,36.0,0.0,0.0,
2,8,瓶裝茶飲,黑松c&c氣泡飲(葡萄)pet500,1,1.0,35.0,35.0,0.0,0.0,
2,8,瓶裝茶飲,乖乖奶油椰子,1,1.0,30.0,30.0,0.0,0.0,
2,8,瓶裝茶飲,統一麥香奶茶tp375,2,2.0,30.0,15.0,0.0,0.0,
2,8,瓶裝茶飲,黑松fin好菌補給飲pet580,1,1.0,29.0,29.0,0.0,0.0,
2,8,瓶裝茶飲,大醇豆無加糖豆漿,1,1.0,25.0,25.0,0.0,0.0,
2,8,瓶裝茶飲,麥香阿薩姆奶茶,1,1.0,23.0,23.0,0.0,0.0,
2,8,瓶裝茶飲,麥香奶茶tp375,1,1.0,15.0,15.0,0.0,0.0,
2,8,瓶裝茶飲,fmc檸檬氣泡水,1,0.0,0.0,,1.0,29.0,29.0
2,8,瓶裝茶飲,午后時光重乳奶茶,1,0.0,0.0,,1.0,38.0,38.0
2,8,瓶裝茶飲,oasis馬琳糖輕食 正價品,1,0.0,0.0,,1.0,220.0,220.0
