user_id,group,base_month,cur_month,P0,Q0,P1,Q1,base_spend,cur_spend,delta,price_effect,qty_effect,residual
1,熟食 @ 冠樺生活,2025-09,2026-05,94.62,13.0,210.89,9.0,1230.0,1898.0,668.0,1046.46,-378.46,-0.0
1,parking fee @ 正好停樹林車站停車場,2025-09,2026-05,35.0,18.0,35.0,7.0,630.0,245.0,-385.0,0.0,-385.0,0.0
1,大冰美式 @ 全家便利商店台大二活門市部,2025-09,2026-05,45.0,2.0,45.0,7.0,90.0,315.0,225.0,0.0,225.0,0.0
0,嫩切雞肉堡6吋 @ 傑洛國際台大店,2025-09,2026-05,99.0,3.0,99.0,6.0,297.0,594.0,297.0,0.0,297.0,0.0
1,桌球場 @ 臺北大眾捷運內湖線南港展覽館站,2025-09,2026-05,100.0,1.0,100.0,2.0,100.0,200.0,100.0,0.0,100.0,0.0
0,(a)御料小館香辣炸雞球 @ 統一超商台北市第七四一,2025-09,2026-05,45.0,1.0,45.0,4.0,45.0,180.0,135.0,0.0,135.0,0.0
1,16oz(冰)特選美式咖啡 @ 統一聖娜多堡市站門市部,2025-09,2026-05,60.0,7.0,60.0,2.0,420.0,120.0,-300.0,0.0,-300.0,0.0
1,紅茶 @ 貓啡因商行,2025-09,2026-05,90.0,2.0,90.0,4.0,180.0,360.0,180.0,0.0,180.0,0.0
0,餅乾1片 @ 傑洛國際台大店,2025-10,2026-05,25.0,5.0,25.0,3.0,125.0,75.0,-50.0,0.0,-50.0,0.0
1,停車費 @ 歐特儀市民廣場地下停車場,2025-09,2026-05,30.0,3.0,40.0,3.0,90.0,120.0,30.0,30.0,0.0,0.0
1,金萱雙q @ 源湧商行,2025-09,2026-05,50.0,1.0,50.0,5.0,50.0,250.0,200.0,0.0,200.0,0.0
1,大1四季春珍波椰 @ 星翔飲料店,2025-09,2026-05,50.0,4.0,50.0,2.0,200.0,100.0,-100.0,0.0,-100.0,0.0
1,金塊香蒜-小單位 @ 統一聖娜多堡市站門市部,2025-09,2026-05,42.0,5.0,42.0,2.0,210.0,84.0,-126.0,0.0,-126.0,0.0
0,服務費和其他費用 @ 優食台灣,2026-03,2026-05,16.0,5.0,15.43,7.0,80.0,108.0,28.0,-4.0,32.0,0.0
0,外送費 @ 優食台灣,2026-03,2026-05,45.0,5.0,30.0,7.0,225.0,210.0,-15.0,-105.0,90.0,0.0
1,12fit - 特餐_七味蒜香雞胸(b) @ 百變全球餐飲,2025-10,2026-05,125.0,2.0,125.0,1.0,250.0,125.0,-125.0,0.0,-125.0,0.0
1,桌球場 @ 長佳機電工程大安運動中心暨和平籃球館營業所,2025-09,2026-05,100.0,7.0,100.0,2.0,700.0,200.0,-500.0,0.0,-500.0,0.0
1,餐飲與食品(f&b) @ 潤泰旭展,2025-09,2026-05,303.0,1.0,184.0,2.0,303.0,368.0,65.0,-238.0,303.0,0.0
0,卡辣姆久平切洋芋片勁辣唐辛35元 @ 統一超商台北市第七四一,2025-09,2026-05,35.0,2.0,35.0,4.0,70.0,140.0,70.0,0.0,70.0,0.0
2,多喝水鹼性竹炭 @ 全聯實業永和成功,2025-10,2026-03,43.0,5.0,49.0,1.0,215.0,49.0,-166.0,6.0,-172.0,0.0
1,御選肉鬆飯糰 @ 統一超商台北市第一0二七,2026-01,2026-05,28.0,7.0,28.0,3.0,196.0,84.0,-112.0,0.0,-112.0,0.0
1,多多綠茶 @ 貓啡因商行,2025-11,2026-05,120.0,3.0,120.0,3.0,360.0,360.0,0.0,0.0,0.0,0.0
1,烤雞(熟) @ 詠觀國際,2025-09,2026-05,45.0,1.0,45.0,4.0,45.0,180.0,135.0,0.0,135.0,0.0
1,星-二配板巧克力夾心土司 @ 全家便利商店台大二活門市部,2025-09,2025-12,32.0,3.0,32.0,1.0,96.0,32.0,-64.0,0.0,-64.0,0.0
1,清爽沙拉飯 @ 詠觀國際,2025-09,2026-05,110.0,1.0,120.0,4.0,110.0,480.0,370.0,40.0,330.0,0.0
1,餐廳 @ 冠樺生活,2025-09,2026-05,497.5,2.0,570.0,2.0,995.0,1140.0,145.0,145.0,0.0,0.0
1,美式冰咖啡(大) @ 統一超商台北市第一0二七,2026-01,2026-05,45.0,8.0,45.0,4.0,360.0,180.0,-180.0,0.0,-180.0,0.0
1,芽香綠金萱(l) @ 陌生人商行,2025-11,2026-05,35.0,1.0,35.0,3.0,35.0,105.0,70.0,0.0,70.0,0.0
0,粥天子-廣式皮蛋瘦肉煲粥 @ 統一超商台北市第七四一,2025-09,2026-05,69.0,1.0,59.0,2.0,69.0,118.0,49.0,-20.0,69.0,0.0
1,午后時光-重乳奶茶tp330 @ 統一超商新北市第一四三五,2025-09,2026-05,25.0,2.0,25.0,6.0,50.0,150.0,100.0,0.0,100.0,0.0
1,韓式泡菜拉麵 @ 九南商行,2025-09,2026-04,150.0,3.0,150.0,2.0,450.0,300.0,-150.0,0.0,-150.0,0.0
1,配料 @ 九南商行,2025-09,2026-04,15.0,3.0,15.0,2.0,45.0,30.0,-15.0,0.0,-15.0,0.0
1,奶茶 @ 貓啡因商行,2025-09,2026-05,130.0,3.0,130.0,1.0,390.0,130.0,-260.0,0.0,-260.0,0.0
1,母傳原湯清燉牛肉 @ 吾時食清燉紅燒牛肉麵,2025-12,2026-05,208.0,1.0,266.5,4.0,208.0,1066.0,858.0,234.0,624.0,0.0
1,冰紅茶-大(新) @ 安心食品服務南港展館,2025-12,2026-05,40.0,5.0,40.0,2.0,200.0,80.0,-120.0,0.0,-120.0,0.0
1,d摩斯雞塊套加60 @ 安心食品服務南港展館,2025-12,2026-05,60.0,4.0,60.0,1.0,240.0,60.0,-180.0,0.0,-180.0,0.0
1,黑蒜豚骨拉麵 @ 九南商行,2025-09,2026-04,170.0,3.0,170.0,2.0,510.0,340.0,-170.0,0.0,-170.0,0.0
1,燙青菜 @ 吾時食清燉紅燒牛肉麵,2026-01,2026-05,43.0,1.0,73.0,3.0,43.0,219.0,176.0,90.0,86.0,0.0
0,餅乾3片 @ 傑洛國際台大店,2026-02,2026-05,60.0,2.0,60.0,1.0,120.0,60.0,-60.0,0.0,-60.0,0.0
1,輕食咖啡廳 @ 冠樺生活,2025-09,2026-05,130.0,2.0,235.0,1.0,260.0,235.0,-25.0,105.0,-130.0,0.0
1,糖心蛋(兩片) @ 九南商行,2025-09,2026-04,30.0,3.0,30.0,2.0,90.0,60.0,-30.0,0.0,-30.0,0.0
1,皮蛋乾麵 @ 一娘子小吃店,2025-12,2026-04,100.0,1.0,100.0,2.0,100.0,200.0,100.0,0.0,100.0,0.0
0,桂格100%燕麥(顆粒微甜)290ml @ 統一超商台北市第七四一,2025-09,2026-04,35.0,3.0,35.0,2.0,105.0,70.0,-35.0,0.0,-35.0,0.0
1,(a)統一h2o純水pet2200 @ 統一超商新北市第一四三五,2025-10,2026-05,35.0,6.0,35.0,2.0,210.0,70.0,-140.0,0.0,-140.0,0.0
1,體適能-全票 @ 頂尖運動行銷樹林營業所,2025-09,2026-05,50.0,3.0,50.0,1.0,150.0,50.0,-100.0,0.0,-100.0,0.0
1,芽香綠金萱(l) @ 大仟飲料店,2025-12,2026-03,35.0,2.0,35.0,3.0,70.0,105.0,35.0,0.0,35.0,0.0
2,味丹多喝水 @ 全聯實業永和成功,2025-10,2026-05,48.0,2.0,46.0,1.0,96.0,46.0,-50.0,-2.0,-48.0,0.0
1,原味波士頓 @ 貓啡因商行,2025-09,2026-05,160.0,2.0,160.0,3.0,320.0,480.0,160.0,0.0,160.0,0.0
1,超級大麥海洋珍珠堡 @ 安心食品服務南港展館,2025-12,2026-05,85.0,3.0,85.0,1.0,255.0,85.0,-170.0,0.0,-170.0,0.0
0,來一客杯麵京燉肉骨風味 @ 統一超商台北市第七四一,2025-09,2026-05,25.0,1.0,25.0,1.0,25.0,25.0,0.0,0.0,0.0,0.0
0,a4黑白列印ibon @ 統一超商台北市第七四一,2025-12,2026-03,3.0,136.0,3.0,2.0,408.0,6.0,-402.0,0.0,-402.0,0.0
0,ab原味優酪乳517ml(瓶) @ 統一超商台北市第七四一,2025-09,2026-05,49.0,1.0,49.0,1.0,49.0,49.0,0.0,0.0,0.0,0.0
1,超市餐飲其他 @ 遠東百貨板橋新站,2025-09,2026-01,426.5,2.0,336.0,2.0,853.0,672.0,-181.0,-181.0,0.0,0.0
1,草莓 @ 貓啡因商行,2025-10,2026-01,160.0,2.0,160.0,2.0,320.0,320.0,0.0,0.0,0.0,0.0
2,食品 @ 京站實業,2025-10,2026-04,130.75,4.0,248.0,1.0,523.0,248.0,-275.0,117.25,-392.25,0.0
1,極選厚菠蘿 @ 統一聖娜多堡市站門市部,2025-09,2026-01,39.0,3.0,39.0,2.0,117.0,78.0,-39.0,0.0,-39.0,0.0
1,日香雞肉飯 - 私房辣椒雞腿飯(b) @ 百變全球餐飲,2025-11,2026-05,120.0,1.0,120.0,1.0,120.0,120.0,0.0,0.0,0.0,0.0
1,極致巧克力蛋糕 @ 貓啡因商行,2025-10,2026-01,160.0,5.0,160.0,4.0,800.0,640.0,-160.0,0.0,-160.0,0.0
1,三明治冰淇淋 @ 國立臺灣大學生物資源暨農學院附設農業試驗場,2025-09,2026-05,29.5,2.0,29.0,1.0,59.0,29.0,-30.0,-0.5,-29.5,0.0
1,酥脆雞塊 @ 貓啡因商行,2025-11,2026-03,130.0,2.0,130.0,1.0,260.0,130.0,-130.0,0.0,-130.0,0.0
0,韓國農心辛香菇杯麵 @ 統一超商台北市第七四一,2025-11,2026-05,49.0,1.0,49.0,2.0,49.0,98.0,49.0,0.0,49.0,0.0
0,ab優酪乳原味 @ 全家便利商店台大二活門市部,2025-10,2026-05,28.0,1.0,28.0,6.0,28.0,168.0,140.0,0.0,140.0,0.0
0,台灣香蕉重量分享包(2入) @ 統一超商台北市第七四一,2025-10,2026-05,30.0,2.0,30.0,1.0,60.0,30.0,-30.0,0.0,-30.0,0.0
2,泰山淨之水 @ 全聯實業永和成功,2026-04,2026-05,48.0,6.0,48.0,1.0,288.0,48.0,-240.0,0.0,-240.0,0.0
2,影印費 @ 飛捷廣告印刷公館,2025-10,2025-12,21.2,5.0,141.0,2.0,106.0,282.0,176.0,239.6,-63.6,0.0
1,台灣香蕉重量分享包(2入) @ 統一超商台北市第一0二七,2026-01,2026-05,30.0,2.0,30.0,2.0,60.0,60.0,0.0,0.0,0.0,0.0
0,配-經典大薯 @ 和德昌台北公館,2025-10,2026-05,43.0,1.0,43.0,2.0,43.0,86.0,43.0,0.0,43.0,0.0
0,林聰明-雞肉飯飯糰 @ 統一超商台北市第七四一,2025-10,2026-05,36.0,1.0,36.0,1.0,36.0,36.0,0.0,0.0,0.0,0.0
1,停車費 @ 遠創智慧,2026-04,2026-05,30.0,3.0,30.0,4.0,90.0,120.0,30.0,0.0,30.0,0.0
1,一配經典肉鬆飯糰 @ 全家便利商店台大二活門市部,2025-11,2026-04,30.0,1.0,30.0,2.0,30.0,60.0,30.0,0.0,30.0,0.0
1,涼拌豆干絲 @ 九南商行,2025-09,2026-04,35.0,1.0,35.0,2.0,35.0,70.0,35.0,0.0,35.0,0.0
0,桂格顆粒燕麥飲 @ 全家便利商店台大二活門市部,2025-11,2026-05,35.0,1.0,35.0,2.0,35.0,70.0,35.0,0.0,35.0,0.0
0,(區)現蒸地瓜25元 @ 統一超商台北市第七四一,2025-11,2026-04,25.0,1.0,25.0,1.0,25.0,25.0,0.0,0.0,0.0,0.0
0,福樂自然零藍莓優酪 @ 統一超商台北市第七四一,2025-09,2026-05,30.0,1.0,30.0,2.0,30.0,60.0,30.0,0.0,30.0,0.0
2,起司蛋堡 @ 傑洛國際台大店,2025-10,2026-03,52.0,2.0,52.0,1.0,104.0,52.0,-52.0,0.0,-52.0,0.0
1,摩斯鱈魚堡 @ 安心食品服務南港展館,2025-12,2026-05,70.0,1.0,70.0,1.0,70.0,70.0,0.0,0.0,0.0,0.0
1,冰/熱 美式咖啡(大) @ 統一超商,2025-09,2026-02,143.0,1.0,140.0,1.0,143.0,140.0,-3.0,-3.0,0.0,0.0
1,白玉珍珠 / 無糖 / 微冰 @ 陌生人商行,2025-10,2026-05,10.0,1.0,10.0,1.0,10.0,10.0,0.0,0.0,0.0,0.0
1,炙燒乳酪蛋糕 @ 貓啡因商行,2025-09,2026-01,160.0,2.0,160.0,1.0,320.0,160.0,-160.0,0.0,-160.0,0.0
1,餐飲費 @ 欣食旅 南港營業所,2025-11,2026-04,183.33,3.0,130.0,1.0,550.0,130.0,-420.0,-53.33,-366.67,0.0
1,a 美式黑咖啡-中冰 @ 路易莎職人咖啡新北圖館,2026-03,2026-05,60.0,2.0,60.0,2.0,120.0,120.0,0.0,0.0,0.0,0.0
1,864898丸龜製麵 @ 遠百企業板橋南雅,2025-12,2026-05,144.0,2.0,184.0,1.0,288.0,184.0,-104.0,40.0,-144.0,0.0
0,餐-十塊雞 @ 和德昌台北公館,2025-10,2026-05,109.0,1.0,109.0,1.0,109.0,109.0,0.0,0.0,0.0,0.0
0,統一麵包快樂牛奶球 @ 統一超商台北市第七四一,2025-12,2026-04,25.0,2.0,25.0,2.0,50.0,50.0,0.0,0.0,0.0,0.0
0,豆干 @ 東引快刀手企業社,2026-02,2026-05,20.0,3.0,20.0,1.0,60.0,20.0,-40.0,0.0,-40.0,0.0
0,ab原味優酪乳206ml(瓶) @ 統一超商台北市第七四一,2025-10,2026-02,28.0,1.0,28.0,2.0,28.0,56.0,28.0,0.0,28.0,0.0
0,台灣上等蕉(裸賣) @ 統一超商台北市第七四一,2025-12,2026-04,20.0,1.0,20.0,1.0,20.0,20.0,0.0,0.0,0.0,0.0
1,a4黑白列印ibon @ 統一超商新北市第一四三五,2025-12,2026-05,3.0,21.0,3.0,42.0,63.0,126.0,63.0,0.0,63.0,0.0
1,油切蕎麥茶 @ 恆木茶行,2025-09,2026-04,42.5,2.0,40.0,1.0,85.0,40.0,-45.0,-2.5,-42.5,0.0
1,pkl330立頓巧克力奶 @ 松深食品,2025-10,2026-04,13.0,1.0,13.0,1.0,13.0,13.0,0.0,0.0,0.0,0.0
1,台灣上等蕉(裸賣) @ 統一超商台北市第一0二七,2026-01,2026-04,20.0,2.0,20.0,1.0,40.0,20.0,-20.0,0.0,-20.0,0.0
1,牧香穀物鮮奶茶(l) @ 大仟飲料店,2025-12,2026-03,70.0,1.0,70.0,1.0,70.0,70.0,0.0,0.0,0.0,0.0
1,燙青菜 @ 一娘子小吃店,2026-01,2026-04,40.0,1.0,40.0,1.0,40.0,40.0,0.0,0.0,0.0,0.0
1,重乳奶茶tp330 @ 全家便利商店台大二活門市部,2026-03,2026-05,25.0,2.0,25.0,1.0,50.0,25.0,-25.0,0.0,-25.0,0.0
2,蕉滴滴 @ 全聯實業永和成功,2025-10,2025-12,51.0,3.0,55.0,1.0,153.0,55.0,-98.0,4.0,-102.0,0.0
