topic,type_label,n_distinct_items,n_rows,users,unit_price_p10,unit_price_p50,unit_price_p90,price_ratio_p90_p10,generic_share,coherent_ok,members
0,代收(售)-台北市購物兩用袋(中) 等112款,112,133,"0,1,2",5.6,99.0,990.0,176.8,0.06,False,代收(售)-台北市購物兩用袋(中):3 | 3元塑膠袋:3 | shopping bag:2 | 每天穿什麼mini matters 服飾 正價品:2 | 4x6專用紙-15元授權:2 | 現貨tpvl熱身賽胸章別針(共7款):2 | saimesaime 東京企劃 3way抓皺氣球腋下包:2 | 完美封漏經典棉柔35cm:2 | 舒潔袖珍面紙10抽3入:2 | 陽光金圓頭52:2 | 美國加拉125:2 | 無患子沐浴檸檬:2 | 酒精擦濕巾:2 | 275:2 | 大創 大創百貨:2 | 圓領t恤(短袖):2 | heypoca - 小卡:2 | 安親抑菌濕巾:2 | 紐-加拉120:2 | 商品一批:1 | solone天生好手極細三角眉筆ex04深霧灰:1 | rr粉底液粉撲五角型30p-845522:1 | meko好簡單免膠單株睫毛36簇-太陽花款:1 | 蘇菲彈力貼身超薄基本14片4入日用23cm:1 | 屈臣氏棉花棒200支3入柴犬工房:1 | w 柔軟舒膚針織短版開襟外套(長袖):1 | w 法蘭絨寬版襯衫(長袖):1 | 立得清酒精擦濕巾90抽:1 | 女裝側百褶褲裙:1 | 女裝一片式百褶中長裙:1 | 蘇菲彈力貼身超薄潔翼18片日用23cm:1 | 蘇菲超熟睡彈力貼身衛生棉8片35cm:1 | 蘇菲彈力貼身極薄01潔翼18片日用23cm:1 | puff蓬鬆柔軟圓領針織開襟(菱格紋):1 | 2051101301:1 | biory 女用日拋免洗內褲3入-l:1 | 美妝雜貨-松本清:1 | mw2r3za/a:1 | 尚品捲髮奶奶甜甜圈 甜甜圈 正價品:1 | 隱形:1 | hangyodon寶藏夜市系列微盒max:1 | 凱婷怪獸級持色唇膏3g-19:1 | 潔霜s浴廁清潔劑650g:1 | 清秀佳人-三角免洗褲5入-l:1 | 立得清酒精擦溼巾90抽:1 | 蘇菲彈力貼身超薄潔翼12片4入日用23cm:1 | 任選四盒1000元(hellocik免膠睫毛 - 眨眼下睫毛ˊ 3/5左右出貨x2:1 | 項鍊cliff:1 | 項鍊cipher:1 | kesho乾濕兩用粉撲海綿12入-pb03房形:1 | solone天生好手極細三角眉筆15g-ex04:1 | im meme我愛魔皮柔焦蜜粉10g:1 | whirlpool 惠而浦一級能效10公升節能除濕機wdee101w(貨物稅減免900):1 | 舒潔淨99抗菌濕巾10抽:1 | 不織布購物袋(5元):1 | wow 會員訂閱服務月費:1 | electrolux 伊萊克斯雙11限定 極適家居 600 21l 一級能效wifi除濕機(ed2171wa 27坪適用):1 | 綜合髮束髮夾組4款入:1 | 三花男性背心 l:1 | 生活用品:1 | 冠軍養力幼秀卵:1 | 美國洋蔥(粒):1 | 透明專用袋:1 | 霧白x群青 3朵玫瑰花束:1 | 黃金小金豆01錢單顆入(010錢0:1 | s鑽石切面造型玻璃花瓶61:1 | 富士instax link wide手機印相機/ 白:1 | 勁威 超薄型衛生套24入:1 | 配件雜貨:1 | clarins 克蘭詩黃金雙萃精華 75ml(國際航空版):1 | 奇異果蓬鬆洗髮:1 | 優生酒精濕巾:1 | 屈臣氏袖珍面紙10抽28入柴犬工房:1 | 屈臣氏柔淨洗臉巾70片抽取式:1 | 倍潔雅柔軟抽衛:1 | 威猛潔廁凝膠:1 | intopic displayport 14版 8k影音線-3m 型號cb-dp-l05:1 | 褲子:1 | 紐綠果104:1 | consofy三層抽:1 | 脆皮可可慕斯杯:1 | 克潮靈集水袋:1 | 好來清新淨白組:1 | domori100%黑巧:1 | 甘百世黑巧88 %:1 | 美國加拉88:1 | 繽紛鑽石杯:1 | 2032590003:1 | 2031700205:1 | 2031820003:1 | xiaomi 電動刮鬍刀 s200 銀色:1 | xiaomi 變焦落地自拍棒:1 | 2032590005:1 | 美琪抗菌洗手露-澄淨白茶700ml:1 | hi-five蔬果造型珊瑚絨擦手巾(加厚):1 | lumina棉柔珍珠紋洗臉巾-大胖包:1 | enhance 依涵絲珍珠紋掛抽式洗臉巾120抽加厚版:1 | airism棉質寬版圓領t恤(五分袖):1 | 無患子檀香沐浴:1 | 香氛-+ 加價:1 | 長臂夾鐵-黑:1 | 纖維+600ml:1 | 愛可寧一般酒精:1 | 99:1 | 1599:1 | scott3層抽取:1 | 鞋履:1 | 壹把蕉金:1 | 古寶制菌洗手乳:1 | 浴廁消臭劑皂香:1 | 網品雙色spa沐浴球50g:1 | 衛浴馬桶刷1入:1
1,熟食 等3款,3,92,"1,2",40.0,40.0,40.0,1.0,0.97,True,熟食:88 | 便當:3 | 美食街:1
2,嫩切雞肉堡6吋 等7款,7,51,"0,1,2",110.0,110.0,125.0,1.1,0.0,True,嫩切雞肉堡6吋:42 | 厚切嫩牛堡6吋:3 | 鮮嫩雞柳堡6吋:2 | 黑胡椒豬里肌:1 | (牛)炸蝦堡:1 | 嫩切雞肉堡12吋:1 | 香烤雞肉堡6吋:1
3,parking fee 等2款,2,42,"0,1",35.0,35.0,35.0,1.0,0.0,True,parking fee:41 | parkingfee:1
4,大冰美式 等3款,3,39,1,45.0,45.0,45.0,1.0,0.0,True,大冰美式:35 | 特大冰美式:2 | 中冰美式:2
5,+69元升級a餐(點心+飲料) 等31款,31,38,"0,1,2",40.0,45.0,277.5,6.9,0.16,False,+69元升級a餐(點心+飲料):3 | 迷客夏虎林 - 原片初露青茶(l):3 | 服務費:2 | 五桐號通化 - 一把青茶(l):2 | 日式壽喜燒鍋:2 | 例湯+飲料98元套餐:1 | 餐飲:1 | 大茗內湖店 - 玉露青茶(l):1 | teatop延吉 - 招牌高山青(l):1 | 大茗通化 - 玉露青茶(l):1 | 五桐號南港 - 一把青茶(l):1 | 50嵐饒河 - 四季春青茶(l):1 | 得正南港店 - 輕烏龍(l):1 | 老賴茶棧內湖 - 文清烏龍(l):1 | 參杯 - 黃金蕎麥茶(l):1 | 秀茶邸家 - 冬採金萱烏龍(l):1 | 傳承50爆炒系列:1 | 老賴松山 - 文清烏龍(l):1 | 河河飲品 - 日光金萱(xl):1 | 50嵐饒河 - 黃金烏龍(l):1 | 老賴松山 - 冷香青茶(l):1 | 麻古茶坊 - 高山金萱茶(l):1 | teatop南京三民 - 招牌高山青(l):1 | 清心福全新松山 - 極品青茶(l):1 | 青梅春烏龍:1 | 經典滷味組合:1 | 素-日式味噌鍋:1 | 養生藥膳鍋:1 | 義式蕃茄鍋:1 | 粥一杯10:1 | 鴛鴦鍋:1
6,一配經典肉鬆飯糰 等19款,19,38,"0,1,2",12.1,30.0,120.9,10.0,0.0,False,一配經典肉鬆飯糰:7 | 茶葉蛋(銷售用):4 | 二配經典肉鬆飯糰:4 | 星一配雞肉飯飯糰:3 | 茶葉蛋:3 | 星二配雞肉飯飯糰:2 | 大高麗菜包:2 | 招牌韓式嫩雞胸:2 | 馬究極味付蛋:1 | 大貢丸:1 | 銷售用叉子:1 | 烤蛋白餐盒:1 | 二配芝麻香鬆飯糰:1 | 東利多丸龜製麵 烏龍麵丼飯 正價品:1 | 一配照燒雞肉飯糰:1 | 台灣東利多丸龜製麵 烏龍麵 正價品:1 | 燒烤美乃雞丼 飯大:1 | (贈)扇貝:1 | 餃子の王將:1
7,皮蛋乾麵 等15款,15,37,"0,1,2",40.0,75.0,164.0,4.1,0.0,True,皮蛋乾麵:10 | 燙青菜:5 | 蛤蠣湯:4 | 豆干滷蛋海帶:3 | 餛飩湯:3 | 粗-招牌乾麵p:2 | 白豆漿p:2 | uber經典招牌螺蛳粉-小辣:1 | 小菜:1 | 冬瓜茶:1 | 小鍋粑粑絲:1 | 小鍋米線-不肝:1 | 炒高麗菜:1 | sf04 炒粿條-小辣:1 | sf04 炒粿條:1
8,(a)御料小館香辣炸雞球 等3款,3,36,"0,1",45.0,45.0,45.0,1.0,0.0,True,(a)御料小館香辣炸雞球:34 | (a)御料小館椒鹽鹽酥雞:1 | 滷味香蔥肉丸:1
9,蜜桃烏龍(小心果核) 等31款,31,36,"0,1,2",23.5,54.0,195.0,8.3,0.08,False,蜜桃烏龍(小心果核):3 | 摩卡可可碎片大:2 | 摩卡可可碎片v杯:2 | 智利富士88:2 | 招牌(小):1 | 早午餐兄弟純水濕紙巾_吐司款100抽:1 | 服務費:1 | 咖啡專用不織布提袋(1杯袋):1 | 菠菜(產銷履歷):1 | 手提袋2杯袋:1 | 琴通寧(買1送1):1 | 芭樂切片包:1 | 享活有機黑木耳:1 | 日本土歧蘋果46:1 | 澳洲茂谷柑80:1 | 美粒果蜜桃蘇打:1 | 果繆繆草莓:1 | 福樂莓果優果昔:1 | 喬亞滴濾拿鐵:1 | 優意思蜜桃優格:1 | 質立蜂蜜優格:1 | 光泉優質蛋白牛:1 | 無調味核桃:1 | 老媽蔥香椒麻:1 | 伴手禮:1 | 旗山珍珠芭樂:1 | 旺旺仙貝米果:1 | 優意思藍莓優格:1 | 紐西蘭紅奇異果:1 | 花g:1 | 嚴選紅龍果金:1
10,a 美式黑咖啡-中冰 等18款,18,35,"0,1,2",44.6,64.0,78.0,1.7,0.0,True,a 美式黑咖啡-中冰:6 | 特選美式冰咖啡(大):4 | 四 四季翠玉青茶-大冰:4 | 路易莎咖啡餐點類:3 | 麥香三明治-香燻雞肉:3 | a 美式黑咖啡-大冰:2 | 美式軟餅乾-黑紳士咖啡巧克力(片):2 | 義式磚壓-火腿起士:1 | hf焙茶鮮奶冰沙-中冰:1 | 經典咖啡松露生巧:1 | 冰美式咖啡大:1 | 超值早餐派對:1 | scr小農雪點鮮奶茶-中熱:1 | 風味三明治-香燻雞肉:1 | pt 水蜜桃蘋果茶-中冰:1 | 美式軟餅乾-超人氣經典巧克力(片):1 | 深黑巧克脆皮泡芙(個):1 | d06 怡保白咖啡 - 冰:1
11,大1四季春珍波椰 等5款,5,34,"0,1",50.0,50.0,60.0,1.2,0.0,True,大1四季春珍波椰:26 | 飲料:4 | 大四季春青茶:2 | 四季春茶(冰):1 | 甜品:1
12,16oz(冰)特選美式咖啡 等2款,2,33,1,60.0,60.0,60.0,1.0,0.0,True,16oz(冰)特選美式咖啡:32 | 麥當勞豬肉滿福堡加蛋送冰經典美式咖啡中杯(好禮即享券):1
13,parking fee（單品）,1,33,1,35.0,35.0,35.0,1.0,0.0,True,parking fee:33
14,桌球場（單品）,1,33,1,100.0,100.0,100.0,1.0,0.0,True,桌球場:33
15,寶山黑糖麻糬手 等25款,25,32,"0,2",26.2,39.0,68.2,2.6,0.0,True,寶山黑糖麻糬手:3 | 巧克力濃心菠蘿:3 | 隨緣紅燒嫩菇麵:2 | 隨緣沙茶豆腐麵:2 | 起司燒:2 | 豆皮烏龍麵:1 | 黑松沙士加鹽:1 | 泰山紅豆湯:1 | 起司qq球:1 | 丹麥奶酥菠蘿:1 | 炸醬麵-素食:1 | 抹茶本味:1 | 雙響泡日式雞白:1 | 味味a 川香椒麻:1 | 三重起司麵包:1 | 麵大師醬香小醋:1 | 茶裏王日式無糖:1 | 海鹽焦糖千層酥:1 | 金脆雞棒腿便當:1 | 經典排骨便當:1 | 筷子(計價餐具):1 | 奇巧酥脆威化巧:1 | 家常起司口味:1 | 亨氏番茄醬:1 | 愛之味分解茶秋:1
16,停車費 等3款,3,31,"0,1",10.0,40.0,40.0,4.0,0.0,True,停車費:29 | 停車費用:1 | 臨停費用:1
17,三鮮火鍋(海鮮風味) 等22款,22,31,"0,1",50.0,160.0,428.0,8.6,0.0,False,三鮮火鍋(海鮮風味):3 | 高冷青茶:2 | 清香奶茶:2 | 菌類拼盤:2 | 日本越光米:2 | 高麗菜:2 | 經典麻辣火鍋(牛油):2 | 招牌蝦滑:2 | 豬肚雞火鍋:1 | 鐵觀音奶茶:1 | 水蓮菜(半):1 | 紅糖滋粑:1 | 龍蝦沙拉風味丸(半):1 | 撈派滑牛肉:1 | 薄切牛舌(半):1 | 鮮切文昌雞肉(半):1 | 伊比利豬腹松板(半):1 | 安格斯無骨牛小排prime(半):1 | 熱帶水果冰茶:1 | 澳洲白金巧克力和牛雪花(半):1 | 自選小料:1 | 撈派滑牛肉(半):1
18,來一客杯麵京燉肉骨風味 等16款,16,30,"0,1,2",25.0,32.5,270.0,10.8,0.03,False,來一客杯麵京燉肉骨風味:10 | (a)來一客杯麵鮮蝦魚板風味:3 | 拉麵道日式豚骨風味:3 | 適量豚骨鹽味拉麵-細麵:2 | 極饗-真飽經典麻醬涼麵:1 | 來一客杯麵肉燥菠菜風味:1 | 原味鹽味拉麵-細麵:1 | 濃厚豚骨鹽味拉麵-細麵:1 | 白飯:1 | 原味煎餃五個:1 | 服務費:1 | 偉嘉貓食濕糧海陸饗宴餐:1 | (蔬)祥和川味水煮牛若燴飯:1 | 真魷味紅燒口味82g:1 | 2唐揚套餐 味噌湯:1 | 658 成人:1
19,紅茶（單品）,1,30,1,90.0,90.0,90.0,1.0,0.0,True,紅茶:30
20,餐廳 等15款,15,29,"0,1,2",90.6,550.0,747.8,8.3,0.59,False,餐廳:15 | 7號餐(台大店):1 | 餐食:1 | a套餐:1 | 餐飲_熟食:1 | 清潔費:1 | 餐飲:1 | 歡聚樂享餐:1 | 精選3號餐:1 | 精選派對餐:1 | 小分享餐:1 | 滿意總匯餐:1 | 八曜和風:1 | 雙人套餐:1 | 套餐1:1
21,熟食 等3款,3,28,1,74.0,369.0,495.5,6.7,0.93,False,熟食:26 | 30元盤:1 | 40元盤:1
22,parking fee（單品）,1,28,1,35.0,35.0,35.0,1.0,0.0,True,parking fee:28
23,金萱雙q（單品）,1,28,1,50.0,50.0,50.0,1.0,0.0,True,金萱雙q:28
24,12fit - 特餐_七味蒜香雞胸(b) 等10款,10,28,"0,1",125.0,125.0,194.5,1.6,0.0,True,12fit - 特餐_七味蒜香雞胸(b):18 | 陽光bbq健康餐 - 匈牙利香蒜雞胸(c):2 | 鹽味舒肥雞poke-加購免洗餐盒2元:1 | 島嶼咖哩雞肉燉飯 chicken & vegetables risotto with red curry cream sauce:1 | 香蒜白酒蛤蠣麵 clams spaghetti with white wine & garlic oil:1 | 豬肉拼盤 돼지모둠 pork combo 2人套餐五花肉 삼겹살 pork belly+松阪肉항정살pork jowl+梅花목살boston butt+海鮮大醬鍋(附飯) 된장찌개 soybean paste soup+韓式起司蒸雞蛋 치즈폭탄계란찜 cheese steamed eggs:1 | 12fit - 特餐_柚香檸檬清炒雞(a):1 | 輕輕地中海餐盒 - 匈牙利香蒜雞胸(c):1 | 蘿勒燻雞三明治特餐:1 | 菠蘿牛角(北):1
25,金塊香蒜-小單位 等4款,4,27,"1,2",42.0,42.0,51.6,1.2,0.0,True,金塊香蒜-小單位:24 | 焦糖可可碎片大:1 | 法式岩漿巧克力:1 | 芋泥可麗露:1
26,重乳奶茶tp330 等19款,19,26,"0,1,2",24.0,25.0,39.5,1.6,0.0,True,重乳奶茶tp330:5 | 一配蜂蜜牛奶球:3 | 奶茶(l)(冰):2 | 一配經典蜂蜜蛋糕:1 | 飲冰室茶集綠奶茶:1 | 巧達濃湯:1 | 飲冰室茶集紅奶茶:1 | 奶茶(xl)(冰):1 | 856576可口奶滋鐵觀音口味隨手分享包10:1 | 856574可口奶滋原味隨手分享包100g:1 | 愛之味寒天檸檬:1 | kirin 午後奶茶:1 | 乖乖奶油椰子:1 | 麥香奶茶tp375:1 | 統一麥香奶茶tp375:1 | 大醇豆無加糖豆漿:1 | 麥香阿薩姆奶茶:1 | fmc檸檬氣泡水:1 | oasis馬琳糖輕食 正價品:1
27,四塊麥克雞塊 等12款,12,26,"0,1,2",48.0,60.0,131.5,2.7,0.0,True,四塊麥克雞塊:7 | b10_四重麥香雞:3 | b12_四重麥香雞:3 | 麥香魚:3 | 馬鈴薯沙拉(熟):2 | 藜麥辣脆雞沙拉:2 | 麥香雞:1 | 韓風香蒜雞腿堡:1 | 十塊麥克雞塊:1 | 藜麥烤雞沙拉:1 | 蕈菇嫩蛋焙果堡:1 | 六塊麥克雞塊:1
28,餅乾1片 等3款,3,26,0,25.0,25.0,25.0,1.0,0.0,True,餅乾1片:24 | 各種蔬菜餅:1 | 嫩煎蛋一片:1
29,星-二配板巧克力夾心土司 等10款,10,26,"0,1,2",24.0,32.0,32.0,1.3,0.0,True,星-二配板巧克力夾心土司:15 | 一配菠蘿麵包:2 | 新感覺可可夾心:2 | 蕃薯(30元):1 | 芝麻包:1 | 新感覺草莓夾心:1 | 不沾手番茄芥末醬:1 | 二配板巧克力夾心土司:1 | 二配花生夾心土司:1 | 二配熱狗麵包:1
30,御選肉鬆飯糰 等5款,5,25,"1,2",20.0,28.0,28.0,1.4,0.0,True,御選肉鬆飯糰:18 | 章魚燒串:2 | 原味豬肉貢丸(關):2 | 虱目魚丸:2 | 綜合湯:1
31,卡辣姆久平切洋芋片勁辣唐辛35元 等5款,5,24,"0,1,2",35.0,35.0,35.0,1.0,0.0,True,卡辣姆久平切洋芋片勁辣唐辛35元:19 | 美式原味熱狗:2 | 卡辣姆久厚切洋芋片勁辣唐辛35元:1 | 日式碳烤風味熱狗:1 | 波的多濃厚蚵仔煎洋芋片:1
32,午后時光-重乳奶茶tp330 等7款,7,24,"0,1,2",25.0,25.0,33.2,1.3,0.0,True,午后時光-重乳奶茶tp330:18 | 紅牌速纖纖維飲料tp330:1 | 光泉午后時光重乳奶茶400ml:1 | 黑松fin好菌補給飲pet580:1 | 統一麥香奶茶tp375:1 | 黑松c&c氣泡飲(葡萄)pet500:1 | 午后時光重乳奶茶:1
33,福樂自然零藍莓優酪 等11款,11,24,"0,1,2",19.2,30.0,57.1,3.0,0.0,True,福樂自然零藍莓優酪:7 | 晨光葡萄土司:5 | 自然零藍莓優酪:2 | 金蘋果調味乳蘋果風味:2 | pkl330ml黑松蘋果c:2 | ladears 開心果可麗露:1 | (a)義美葡萄qq巧克力球:1 | 瑞穗鮮乳土司:1 | 蘋果香蕉奶昔 apple banana shake:1 | 野生藍莓優格(m):1 | 每日c100%莓果綜合果汁:1
34,1百 等23款,23,24,"0,1,2",42.2,119.0,288.2,6.8,0.12,False,1百:2 | 活沛多游離型葉黃素30粒:1 | 高露潔纖柔備長炭牙刷3入:1 | 高露潔護齦牙刷:1 | 藥水:1 | 3m細滑牙線棒散裝36支入:1 | 丰荷3d日系醫用成人口罩10入氣質白:1 | 藥妝藥房:1 | unidesign醫用級口罩5入(輕薄白):1 | 藥粧藥房:1 | 高露潔密泡牙刷:1 | r麻-斯斯鼻炎膠囊 10粒:1 | 曼秀雷敦涼舒薄荷精油棒10g:1 | 曼秀雷敦涼舒薄荷滾珠精油棒72ml:1 | 好來花香牙膏:1 | darlie好來專業牙齦護理牙刷:1 | 好來小蘇打牙刷:1 | 2001556:1 | 9000302:1 | r)斯斯咳嗽膠囊:1 | 愛喜維生素c+鈣口嚼錠清新:1 | 活沛多 緩釋型維他命cb群 30錠:1 | 活沛多 gl雙效敏益菌30顆新升級:1
35,ab原味優酪乳206ml(瓶) 等4款,4,23,0,28.0,49.0,73.0,2.6,0.0,True,ab原味優酪乳206ml(瓶):10 | ab原味優酪乳517ml(瓶):9 | ab原味優酪乳902ml(瓶):3 | 泰國皇家牛奶片 25g:1
36,餐飲與食品(f&b) 等5款,5,23,"0,1,2",53.6,278.0,1520.2,28.4,0.87,False,餐飲與食品(f&b):18 | 餐飲-麥當勞:2 | 薯球(肯)(活動):1 | 餐費:1 | 291689麥當勞速食餐:1
37,金黃起司火腿蛋三明治 等17款,17,23,"0,2",30.0,42.0,49.0,1.6,0.0,True,金黃起司火腿蛋三明治:3 | 鮪魚起司溏心蛋三明治:3 | 一配哆啦a夢小蛋糕:2 | 鮪魚洋芋溏心蛋三明治:2 | 生吐司:1 | 新-哆啦a夢小蛋糕:1 | 濃醇豆香波堤250318:1 | 黑松沙士:1 | 統一大雞蛋布丁:1 | 起司四合奏三明治:1 | 雞蛋沙拉三明治:1 | 經典總匯三明治:1 | 瘋狂起司三明治:1 | (區)雙倍起司火腿蛋三明治:1 | 火腿起司蛋三明治:1 | 好多蛋三明治:1 | 香蕉可可三明治:1
38,草莓 等7款,7,23,1,160.0,160.0,160.0,1.0,0.0,True,草莓:8 | 炙燒乳酪蛋糕:6 | 草莓白乳酪:3 | 法式乳酪:3 | 生乳捲:1 | 西西里榛果塔:1 | 西西里開心果慕斯:1
39,桌球場 等3款,3,23,1,100.0,100.0,100.0,1.0,0.0,True,桌球場:20 | 撞球場:2 | 健身房全票60分鐘:1
40,a4黑白列印ibon 等7款,7,21,"0,1,2",3.0,3.0,10.0,3.3,0.0,True,a4黑白列印ibon:14 | 列印服務全錄黑白-a4:2 | a4彩色160g列印web:1 | a4黑白影印:1 | a4彩色160g列印ibon:1 | a4彩色列印:1 | 統一h2o純水600ml:1
41,韓國農心辛香菇杯麵 等8款,8,21,"0,1,2",25.0,40.0,49.0,2.0,0.0,True,韓國農心辛香菇杯麵:8 | 手工高麗菜捲:4 | 蘿蔔糕:3 | 黃金脆薯:2 | (a)科學麵原味:1 | 白飯:1 | 阜杭原味豆漿:1 | 黃金香橙大吉嶺大:1
42,母傳原湯清燉牛肉 等6款,6,21,"0,1",208.0,232.0,252.0,1.2,0.0,True,母傳原湯清燉牛肉:12 | 經典香韻紅燒牛肉:4 | 經典香韻紅燒三寶:2 | 燉煮叉燒肉:1 | 五椒麻辣牛肉:1 | 經典香韻紅燒半筋半肉:1
43,冰紅茶-大(新) 等6款,6,21,"0,1",37.0,40.0,55.0,1.5,0.0,True,冰紅茶-大(新):13 | 玉米濃湯:4 | 烏龍:1 | 冰紅茶-中(新):1 | 中冰摩斯咖啡:1 | 可樂-大(新):1
44,台灣香蕉重量分享包(2入) 等6款,6,20,"0,1,2",30.0,30.0,54.3,1.8,0.0,True,台灣香蕉重量分享包(2入):15 | 富士蘋果(截切-袋):1 | 蘇菲清新涼感薄荷日用23cm9片:1 | 京都念慈菴雙層枇杷軟喉糖(原味):1 | 易口舒無糖薄荷錠-清爽蜜桃:1 | 香蕉單入:1
45,油切蕎麥茶 等9款,9,20,"0,1,2",39.5,65.0,85.0,2.2,0.0,True,油切蕎麥茶:5 | 黃金蕎麥鮮奶:4 | 焦糖粉粿奶茶:4 | 青檸甘蔗蕎麥綠寶:2 | 輕烏龍鮮奶:1 | 金萱奶綠大:1 | 飲料:1 | 大 紅茶拿鐵:1 | 馥莓蕎麥綠寶:1
46,桂格100%燕麥(顆粒微甜)290ml 等5款,5,19,"0,1",28.0,35.0,35.0,1.2,0.0,True,桂格100%燕麥(顆粒微甜)290ml:13 | 313153精緻丹麥系列/個(a):3 | 無蛋白質poke-加購免洗餐盒2元:1 | 桂格顆粒豆漿燕麥:1 | 統一陽光糙米漿400ml(盒):1
47,服務費和其他費用（單品）,1,19,0,12.6,15.0,17.2,1.4,1.0,True,服務費和其他費用:19
48,清爽沙拉飯（單品）,1,19,"0,1,2",110.0,110.0,120.0,1.1,0.0,True,清爽沙拉飯:19
49,1原蛋 等13款,13,19,"1,2",1.0,115.0,229.6,229.6,0.0,False,1原蛋:5 | 健康蔬活菜飯(餐盒):3 | 11(大)爪哇咖哩牛丼:1 | 卡啦雞腿堡a經典餐:1 | 卡啦雞腿堡xl全明星餐:1 | 青花椒堡xl全明星餐:1 | 吮指嫩雞蛋堡:1 | 青花椒雞xl全明星餐:1 | 超大炸雞餐:1 | 原味脆雞堡餐129:1 | 烤堡xl全明星餐:1 | 冰火菠蘿油:1 | 素羅漢齋炒一丁:1
50,配-經典大薯 等8款,8,18,"0,1,2",38.2,43.0,76.9,2.0,0.0,True,配-經典大薯:8 | 薯條-大:4 | a01_大薯+1多1:1 | d小薯:1 | 配-經典中薯:1 | 薯來堡(牛):1 | 1 地瓜薯條:1 | 薯條-中:1
51,起司蛋堡 等13款,13,18,"0,2",46.3,52.0,105.5,2.3,0.0,True,起司蛋堡:6 | cremia 北海道冰淇淋之神生日快樂冰淇淋(口味任選):1 | 鮮蛋沙拉可頌:1 | 質立藍莓冰淇淋:1 | 真松露巧克力奶蓋雪糕:1 | niseko海鹽焦糖雪糕:1 | 反烤焦糖布丁蛋糕:1 | 杯裝起司蛋糕霜淇淋:1 | 冰戀雙旋冰淇淋:1 | 31冰淇淋:1 | 雙球冰淇淋:1 | 葡式蛋塔:1 | 雙倍or冰炫風:1
52,餐飲費 等4款,4,18,"0,1,2",117.0,287.0,907.4,7.8,0.89,False,餐飲費:10 | 餐飲:6 | 優惠單人套餐:1 | 299成人:1
53,藝舍黑田桑小卡 等15款,15,18,"0,2",12.0,27.5,46.2,3.8,0.0,True,藝舍黑田桑小卡:3 | 加新入袋a4單線簿白:2 | 南寶透明裝飾貼4 size:1 | 四季螺旋蠟燭中藍:1 | 晴天快樂派對帽3:1 | 藝舍黑田桑生日卡:1 | 飛龍861平頭黑:1 | 15k赤牛皮公文信封50張:1 | 亞柏25mm黑色長尾夾225:1 | 大菱定頁32k筆記本:1 | 飛龍c205鉛芯hb:1 | 永丰宜定頁25k筆記本:1 | 珠友a4手提單層網紗袋:1 | plus 48-112修正帶:1 | wh-626智慧型修正帶黑:1
54,d摩斯雞塊套加60 等5款,5,18,1,52.8,60.0,70.0,1.3,0.0,True,d摩斯雞塊套加60:13 | b夏威夷元氣沙拉50:2 | 辣味和風雞腿塊:1 | 和風炸雞-大:1 | 和風雞腿塊-摩斯辣醬:1
55,多喝水鹼性竹炭（單品）,1,18,2,47.8,50.0,50.0,1.0,0.0,True,多喝水鹼性竹炭:18
56,多多綠茶 等2款,2,18,1,120.0,120.0,120.0,1.0,0.0,True,多多綠茶:17 | 大 多多綠:1
57,摩斯鱈魚堡 等7款,7,18,"0,1",40.2,59.0,70.0,1.7,0.0,True,摩斯鱈魚堡:7 | (a)北海鱈魚香絲(大):5 | 鮪魚肉鬆雙手卷:2 | g餓遊戲:1 | 黃金魚蛋:1 | 鮭魚鮭魚卵(圓):1 | 惜時金貓餐罐80g(鮪魚+蝦肉蟹肉):1
58,芽香綠金萱(l) 等4款,4,18,"1,2",35.0,35.0,41.5,1.2,0.0,True,芽香綠金萱(l):14 | 柔香青金萱(l):2 | 芽香綠金萱:1 | 阿聰師芋單:1
59,美式冰咖啡(大) 等2款,2,17,1,45.0,45.0,45.0,1.0,0.0,True,美式冰咖啡(大):16 | 濃萃美式冰咖啡(大):1
60,百樂g2 07鋼珠筆藍 等16款,16,17,"0,2",13.6,29.0,56.0,4.1,0.0,True,百樂g2 07鋼珠筆藍:2 | 文明mk-3001雙頭水性美工筆銘黃:1 | 文明mk-3001雙頭水性美工筆紅:1 | 文明mk-3001雙頭水性美工筆柑:1 | toeic 證書:1 | 三菱sxn155溜溜筆黑:1 | 萬事捷uchida粗字油漆筆300-s/白:1 | 萬事捷uchida粗字油漆筆300-s/黑:1 | 雄獅681油性簽字筆/黑:1 | 飛龍ns75油性筆黑:1 | 飛龍nlf50油性筆黑:1 | 英士no50速乾筆黑:1 | 百樂038果汁筆黑:1 | 百樂038果汁筆藍:1 | 百樂g2 07鋼珠筆紅:1 | 百樂g2 07鋼珠筆黑:1
61,(a)統一h2o純水pet2200 等5款,5,17,"1,2",26.0,35.0,35.0,1.3,0.0,True,(a)統一h2o純水pet2200:12 | 統一h2o純水pet1500:2 | 泰山純水pet700:1 | (a)統一uni water純水pet550:1 | 心樸元氣純水6200ml:1
62,豆干 等9款,9,17,"0,2",18.0,30.0,133.0,7.4,0.0,False,豆干:5 | 蘿蔔:4 | 燙青菜時蔬:2 | lasagna:1 | 滷蛋:1 | 豬耳朵:1 | 嘴邊肉(半):1 | 海帶:1 | 星球工坊爆米花:1
63,黑蒜豚骨拉麵 等6款,6,17,"1,2",166.0,170.0,176.0,1.1,0.0,True,黑蒜豚骨拉麵:12 | 釜山紅湯拉麵:1 | 博多叉燒拉麵 (大):1 | 松露豚骨拉麵:1 | 客製醬油豚骨拉麵:1 | 客製麻辣豚骨拉麵:1
64,統一麵包快樂牛奶球 等10款,10,17,"0,1,2",21.0,35.0,57.4,2.7,0.0,True,統一麵包快樂牛奶球:5 | 石安牧場溏心蛋飯糰(圓):3 | (a)多力多滋超濃起司味玉米片:2 | 耕豆漿布丁燒 (蛋奶素)150g:1 | 雪花嘉義方塊酥:1 | 健達巧克力含牛奶內餡(4入):1 | 統一麵包愛心牛奶球:1 | 統一布丁--雞蛋口味:1 | 三起司燻腸完熟蕃茄義大利麵:1 | 鮮奶芋泥:1
65,超級大麥海洋珍珠堡 等5款,5,17,"0,1",76.8,85.0,85.0,1.1,0.0,True,超級大麥海洋珍珠堡:10 | 超級大麥杏鮑菇珍珠堡:3 | 海洋珍珠堡:2 | 麥當勞勁辣鷄腿堡+薯條(小)+四塊麥克鷄塊+可樂(中) 好禮即享券:1 | c黃金地瓜薯條套加6:1
66,烤雞(熟) 等2款,2,17,"1,2",45.0,45.0,45.0,1.0,0.0,True,烤雞(熟):16 | 鮮蝦(熟):1
67,三明治冰淇淋 等5款,5,16,"0,1",29.0,31.5,133.0,4.6,0.0,True,三明治冰淇淋:8 | 起士核桃堡140元:4 | 豆乳原味奶酪:2 | (臺大)小鮮乳:1 | 歐式蔓越莓核桃65元:1
68,輕食咖啡廳 等2款,2,16,"0,1",145.0,230.0,401.5,2.8,0.0,True,輕食咖啡廳:15 | 咖啡廳coffee shops & tea salons:1
69,原味波士頓 等6款,6,16,1,109.0,160.0,175.0,1.6,0.12,True,原味波士頓:9 | 服務費用:2 | 提拉米蘇:2 | 拿鐵:1 | 泡芙:1 | 熱帶叢林:1
70,韓式泡菜拉麵 等3款,3,16,"0,1,2",150.0,150.0,239.0,1.6,0.0,True,韓式泡菜拉麵:13 | 拉麵:2 | 香辣麵里肌:1
71,日香雞肉飯 - 私房辣椒雞腿飯(b) 等8款,8,16,"0,1",120.0,122.5,280.0,2.3,0.0,True,日香雞肉飯 - 私房辣椒雞腿飯(b):8 | 松露野菇牛肝菌燉飯:2 | 珍大雞排 - 炙燒火烤雞腿(b):1 | 珍大雞排 - 珍大雞排飯(f):1 | 番茄匈牙利雞腿排:1 | 赤香雞柳王 - 韓式直火燒肉片(e):1 | 炒野菇沙拉 field mushroom salad:1 | 辣豬---o----紅茶(冷):1
72,餅乾3片 等3款,3,16,"0,1",25.0,60.0,60.0,2.4,0.0,True,餅乾3片:12 | 餅乾1片:3 | 可樂餅:1
73,林聰明-雞肉飯飯糰 等13款,13,16,"0,2",35.0,45.0,270.0,7.7,0.0,False,林聰明-雞肉飯飯糰:2 | (a)御料小館香辣炸雞球:2 | 卡滋脆皮燒肉螺螄粉:2 | 御料小館蔥抓餅:1 | 打拋豬豬-不辣:1 | 鹹酥雞套餐-rextor:1 | 泡菜煎餅 김치전 kimchi pancake:1 | (吊)玫瑰鹽水煮蛋:1 | 剝皮辣椒雞奶油細扁麵:1 | 御選肉鬆飯糰:1 | 青花椒麻雞肉拌麵:1 | (e )光泉生乳米漿:1 | 麵筋40:1
74,櫛瓜 等9款,9,15,0,30.0,30.0,45.0,1.5,0.0,True,櫛瓜:3 | 豆皮:3 | 香菇:2 | 孜然羊肉串:2 | 培根麻糬:1 | 多汁雞肉捲:1 | 特選牛肉串:1 | 杏鮑菇:1 | 雞腿肉串:1
75,_美國_雪花牛套餐 等12款,12,15,"0,1,2",57.2,239.0,600.0,10.5,0.0,False,_美國_雪花牛套餐:3 | b 優惠套餐(原價138):2 | 140元套餐:1 | 壽日本國產牛羽下套餐:1 | a5牛肉湯麵套餐:1 | 霜降牛+梅花豬:1 | 米香炙牛燃麵套餐:1 | 經典摃丸湯:1 | 蟹黃流金拌麵套餐:1 | _美國_嫩肩牛套餐:1 | 白飯:1 | a套餐:1
76,芽香綠金萱(l) 等4款,4,15,1,35.0,35.0,46.0,1.3,0.0,True,芽香綠金萱(l):9 | 柔香青金萱(l):3 | 金萱雙q:2 | 發發通化 - 芽香綠金萱(l):1
77,體適能-全票 等5款,5,15,"1,2",50.0,50.0,260.0,5.2,0.0,True,體適能-全票:10 | minecraft 165吋合金公仔驚喜包/ w1/ 隨機:2 | 桌球場:1 | 玩具公仔:1 | pop mart-動漫生活-玩具公仔:1
78,泰山淨之水 等5款,5,15,"0,2",19.0,21.0,48.0,2.5,0.0,True,泰山淨之水:7 | ex強氣泡水:4 | 統一鹼性離子水:2 | uni water550水:1 | 泰山純水 700ml:1
79,台灣上等蕉(裸賣) 等3款,3,15,"0,1,2",20.0,20.0,20.0,1.0,0.0,True,台灣上等蕉(裸賣):13 | 台灣黑輪:1 | 小 手拍 小農蕃茄瑪:1
80,牧香穀物鮮奶茶(l) 等10款,10,15,"0,1,2",40.0,70.0,148.0,3.7,0.0,True,牧香穀物鮮奶茶(l):5 | 大阿薩姆紅茶:2 | 抹茶牛奶(i):1 | 黑糖牛奶-ice:1 | pkl330立頓琥珀紅茶:1 | 焙金萱鮮奶茶(l):1 | 鮮奶紅-冰:1 | 茶中香檳鮮奶茶(l):1 | 焦糖海鹽鮮奶茶(l):1 | 布丁奶茶-中:1
81,臨停 等6款,6,14,"0,1",28.6,30.0,32.8,1.1,0.0,True,臨停:6 | 95無鉛汽油:4 | 票號2025092916046243:1 | 95無鉛:1 | 95plus無鉛:1 | 95+無鉛:1
82,涼拌豆干絲 等8款,8,14,"0,1,2",35.0,37.5,136.0,3.9,0.0,True,涼拌豆干絲:7 | 豬腳能量碗:1 | 水餃10粒-辣:1 | 紅油脆筍:1 | 涼拌小黃瓜:1 | 花枝丸x4:1 | d08 豆漿仙草:1 | 炸餃子:1
83,粥天子-廣式皮蛋瘦肉煲粥（單品）,1,14,0,59.0,59.0,69.0,1.2,0.0,True,粥天子-廣式皮蛋瘦肉煲粥:14
84,冰綠茶-小 等8款,8,14,"0,1,2",35.0,40.5,131.5,3.8,0.0,True,冰綠茶-小:6 | 冰綠茶-中:2 | 冰蘋果青茶大:1 | 冰紅茶-中:1 | 蜂蜜青茶-冰:1 | 冰奶茶:1 | d02 大馬式拉茶:1 | l-開心果抹茶-完美冰:1
85,酥脆雞塊 等5款,5,14,1,95.0,130.0,249.0,2.6,0.0,True,酥脆雞塊:8 | 香蒜起士麵包:3 | 菲力雞排麵包:1 | 白醬嫩煎雞肉 寬扁麵:1 | 青醬嫩煎雞肉 寬扁麵:1
86,fmc鹼性離子水800ml 等5款,5,13,"1,2",20.0,28.0,29.0,1.4,0.0,True,fmc鹼性離子水800ml:4 | 統一ph9鹼性離子水:4 | 泰山純水:3 | 悅氏light鹼性水:1 | 悅氏天然水2200ml:1
87,配料（單品）,1,13,1,15.0,15.0,27.0,1.8,0.0,True,配料:13
88,奶茶 等2款,2,13,1,130.0,130.0,130.0,1.0,0.0,True,奶茶:12 | 風味奶茶:1
89,小吃food court 等5款,5,13,"0,1,2",72.0,124.0,537.0,7.5,0.77,False,小吃food court:9 | 開飯川食堂:1 | 台灣客美多珈琲 餐飲 正價品:1 | 漢堡王:1 | mini one:1
90,ab優酪乳原味 等6款,6,13,"0,2",28.0,28.0,88.4,3.2,0.0,True,ab優酪乳原味:7 | 鮮乳坊起司銀絲卷:2 | 起司牛肉可頌:1 | 光泉杯裝全脂鮮乳:1 | 乳酪火山布蕾:1 | 福樂草莓優酪乳:1
91,照燒雞肉堡6吋 等6款,6,13,"0,1,2",72.0,128.0,139.0,1.9,0.0,True,照燒雞肉堡6吋:4 | 雙層牛肉堡:4 | 燒烤牛肉堡6吋:2 | 義大利牛肉丸堡6吋:1 | 火腿堡6吋:1 | 獅子頭雞肉飯-加蔥:1
92,味丹多喝水 等3款,3,12,"0,2",36.1,47.0,48.0,1.3,0.0,True,味丹多喝水:10 | 多喝水pet700:1 | 多喝水pet2000:1
93,撈派巴沙魚片(半) 等12款,12,12,0,50.0,86.0,239.5,4.8,0.0,True,撈派巴沙魚片(半):1 | 凍豆腐(半):1 | 自選小料:1 | 撈派撈麵:1 | 美國特選肥牛(半):1 | 招牌蝦滑(半):1 | 紅糖滋粑(半):1 | 娃娃菜(半):1 | 水蓮菜(半):1 | 日本越光米:1 | 響鈴卷(半):1 | 千張豆皮(半):1
94,(區)現蒸地瓜25元 等5款,5,12,0,25.0,25.0,35.0,1.4,0.0,True,(區)現蒸地瓜25元:6 | (區)現蒸地瓜30元:2 | (區)現蒸地瓜35元:2 | 白蘿蔔:1 | (區)現蒸地瓜40元:1
95,特選美式冰咖啡(大) 等6款,6,12,1,45.0,52.5,65.0,1.4,0.0,True,特選美式冰咖啡(大):4 | 美式冰咖啡(大):4 | 咖哩盤30cm:1 | 左岸咖啡館奶茶240ml(杯):1 | 美式冰咖啡(特大):1 | 美式熱咖啡(大):1
96,停車費 等3款,3,12,"0,1",30.0,30.0,87.0,2.9,0.0,True,停車費:9 | 清潔維護費:2 | 停車場清潔維護費:1
97,糖心蛋(兩片) 等2款,2,12,1,30.0,30.0,30.0,1.0,0.0,True,糖心蛋(兩片):11 | 黃金蛋:1
98,燙青菜（單品）,1,11,1,73.0,73.0,73.0,1.0,0.0,True,燙青菜:11
99,老中醫天然仙楂70g 等2款,2,11,0,32.0,32.0,32.0,1.0,0.0,True,老中醫天然仙楂70g:10 | 良澔仙楂梅160g:1
100,叉燒飯 等11款,11,11,"0,1,2",60.0,170.0,350.0,5.8,0.0,True,叉燒飯:1 | 豚骨魚介肉盛:1 | 松露雞白湯:1 | ei壽喜牛里肌豬排鍋定食:1 | 生豆皮1份:1 | 綠茶冰:1 | 黑糖仙草汁:1 | 加北海道七星米飯:1 | 唐揚雞咖哩飯:1 | 咖哩玉米海帶芽拉麵 (小):1 | 腰內豬排咖哩飯:1
101,餛飩牛肉湯麵(小) 等9款,9,11,"0,1,2",54.0,65.0,90.0,1.7,0.0,True,餛飩牛肉湯麵(小):3 | 豬油麵(小):1 | 雙醬麵(小):1 | 餛飩麵(小):1 | 魯肉飯(小):1 | 蘿蔔牛肉清湯:1 | 川味麻辣鐵板麵(含蛋):1 | (學)極饗-真飽香辣麻醬涼麵:1 | 川味麻辣鍋:1
102,極致巧克力蛋糕 等4款,4,11,"1,2",160.0,160.0,200.0,1.2,0.0,True,極致巧克力蛋糕:8 | 楚佛巧克力:1 | 巴斯克蛋糕:1 | 巧克力起司蛋糕:1
103,影印費 等3款,3,10,"0,2",1.0,33.5,285.5,285.5,0.0,False,影印費:8 | 劃位-+ 加價:1 | try 日本語n3達陣 從日檢文法展開全方位學習 (附m:1
104,外送費（單品）,1,10,0,10.0,17.5,30.5,3.0,1.0,True,外送費:10
105,林聰明-雞肉飯飯糰 等3款,3,10,"0,1",36.0,36.0,63.0,1.7,0.0,True,林聰明-雞肉飯飯糰:8 | (區)粥天子-田園雞蓉玉米粥:1 | 增雞蛋白餐:1
106,大冰美式（單品）,1,10,1,45.0,45.0,45.0,1.0,0.0,True,大冰美式:10
107,極選厚菠蘿 等2款,2,10,1,39.0,39.0,50.0,1.3,0.0,True,極選厚菠蘿:8 | 32層菠蘿可頌:2
108,白玉珍珠 / 無糖 / 微冰 等2款,2,10,1,10.0,10.0,10.0,1.0,0.0,True,白玉珍珠 / 無糖 / 微冰:6 | 無糖 / 微冰 / 白玉珍珠:4
109,紅油口水雞 等10款,10,10,"1,2",47.0,75.0,170.2,3.6,0.0,True,紅油口水雞:1 | 椒麻雞(微辣)-不香菜:1 | 香辣麵q雞:1 | 高麗菜50:1 | 辣子雞丁90:1 | 香菇肉70:1 | 金沙杏鮑菇80:1 | 白飯一杯20:1 | 番茄炒蛋60:1 | 季節青菜60:1
