user_id,group,month,amt,qty,n,unit_price
0,(a)御料小館香辣炸雞球 @ 統一超商台北市第七四一,2025-09,45.0,1.0,1,45.0
0,(a)御料小館香辣炸雞球 @ 統一超商台北市第七四一,2025-10,90.0,2.0,2,45.0
0,(a)御料小館香辣炸雞球 @ 統一超商台北市第七四一,2025-11,180.0,4.0,4,45.0
0,(a)御料小館香辣炸雞球 @ 統一超商台北市第七四一,2025-12,270.0,6.0,6,45.0
0,(a)御料小館香辣炸雞球 @ 統一超商台北市第七四一,2026-01,135.0,3.0,3,45.0
0,(a)御料小館香辣炸雞球 @ 統一超商台北市第七四一,2026-02,90.0,2.0,2,45.0
0,(a)御料小館香辣炸雞球 @ 統一超商台北市第七四一,2026-03,180.0,4.0,4,45.0
0,(a)御料小館香辣炸雞球 @ 統一超商台北市第七四一,2026-04,270.0,6.0,6,45.0
0,(a)御料小館香辣炸雞球 @ 統一超商台北市第七四一,2026-05,180.0,4.0,4,45.0
0,(區)現蒸地瓜25元 @ 統一超商台北市第七四一,2025-11,25.0,1.0,1,25.0
0,(區)現蒸地瓜25元 @ 統一超商台北市第七四一,2026-02,25.0,1.0,1,25.0
0,(區)現蒸地瓜25元 @ 統一超商台北市第七四一,2026-03,75.0,3.0,3,25.0
0,(區)現蒸地瓜25元 @ 統一超商台北市第七四一,2026-04,25.0,1.0,1,25.0
0,a4黑白列印ibon @ 統一超商台北市第七四一,2025-12,408.0,136.0,6,3.0
0,a4黑白列印ibon @ 統一超商台北市第七四一,2026-03,6.0,2.0,2,3.0
0,ab優酪乳原味 @ 全家便利商店台大二活門市部,2025-10,28.0,1.0,1,28.0
0,ab優酪乳原味 @ 全家便利商店台大二活門市部,2025-11,28.0,1.0,1,28.0
0,ab優酪乳原味 @ 全家便利商店台大二活門市部,2026-03,28.0,1.0,1,28.0
0,ab優酪乳原味 @ 全家便利商店台大二活門市部,2026-04,28.0,1.0,1,28.0
0,ab優酪乳原味 @ 全家便利商店台大二活門市部,2026-05,168.0,6.0,3,28.0
0,ab原味優酪乳206ml(瓶) @ 統一超商台北市第七四一,2025-10,28.0,1.0,1,28.0
0,ab原味優酪乳206ml(瓶) @ 統一超商台北市第七四一,2025-11,28.0,1.0,1,28.0
0,ab原味優酪乳206ml(瓶) @ 統一超商台北市第七四一,2025-12,28.0,1.0,1,28.0
0,ab原味優酪乳206ml(瓶) @ 統一超商台北市第七四一,2026-02,56.0,2.0,2,28.0
0,ab原味優酪乳517ml(瓶) @ 統一超商台北市第七四一,2025-09,49.0,1.0,1,49.0
0,ab原味優酪乳517ml(瓶) @ 統一超商台北市第七四一,2025-11,49.0,1.0,1,49.0
0,ab原味優酪乳517ml(瓶) @ 統一超商台北市第七四一,2025-12,196.0,4.0,4,49.0
0,ab原味優酪乳517ml(瓶) @ 統一超商台北市第七四一,2026-02,49.0,1.0,1,49.0
0,ab原味優酪乳517ml(瓶) @ 統一超商台北市第七四一,2026-05,49.0,1.0,1,49.0
0,來一客杯麵京燉肉骨風味 @ 統一超商台北市第七四一,2025-09,25.0,1.0,1,25.0
0,來一客杯麵京燉肉骨風味 @ 統一超商台北市第七四一,2025-11,50.0,2.0,2,25.0
0,來一客杯麵京燉肉骨風味 @ 統一超商台北市第七四一,2025-12,25.0,1.0,1,25.0
0,來一客杯麵京燉肉骨風味 @ 統一超商台北市第七四一,2026-01,25.0,1.0,1,25.0
0,來一客杯麵京燉肉骨風味 @ 統一超商台北市第七四一,2026-03,50.0,2.0,2,25.0
0,來一客杯麵京燉肉骨風味 @ 統一超商台北市第七四一,2026-04,25.0,1.0,1,25.0
0,來一客杯麵京燉肉骨風味 @ 統一超商台北市第七四一,2026-05,25.0,1.0,1,25.0
0,卡辣姆久平切洋芋片勁辣唐辛35元 @ 統一超商台北市第七四一,2025-09,70.0,2.0,2,35.0
0,卡辣姆久平切洋芋片勁辣唐辛35元 @ 統一超商台北市第七四一,2025-11,70.0,2.0,2,35.0
0,卡辣姆久平切洋芋片勁辣唐辛35元 @ 統一超商台北市第七四一,2025-12,105.0,3.0,3,35.0
0,卡辣姆久平切洋芋片勁辣唐辛35元 @ 統一超商台北市第七四一,2026-02,140.0,4.0,3,35.0
0,卡辣姆久平切洋芋片勁辣唐辛35元 @ 統一超商台北市第七四一,2026-03,140.0,4.0,2,35.0
0,卡辣姆久平切洋芋片勁辣唐辛35元 @ 統一超商台北市第七四一,2026-04,140.0,4.0,3,35.0
0,卡辣姆久平切洋芋片勁辣唐辛35元 @ 統一超商台北市第七四一,2026-05,140.0,4.0,3,35.0
0,台灣上等蕉(裸賣) @ 統一超商台北市第七四一,2025-12,20.0,1.0,1,20.0
0,台灣上等蕉(裸賣) @ 統一超商台北市第七四一,2026-03,60.0,3.0,3,20.0
0,台灣上等蕉(裸賣) @ 統一超商台北市第七四一,2026-04,20.0,1.0,1,20.0
0,台灣香蕉重量分享包(2入) @ 統一超商台北市第七四一,2025-10,60.0,2.0,2,30.0
0,台灣香蕉重量分享包(2入) @ 統一超商台北市第七四一,2025-12,30.0,1.0,1,30.0
0,台灣香蕉重量分享包(2入) @ 統一超商台北市第七四一,2026-01,30.0,1.0,1,30.0
0,台灣香蕉重量分享包(2入) @ 統一超商台北市第七四一,2026-03,30.0,1.0,1,30.0
0,台灣香蕉重量分享包(2入) @ 統一超商台北市第七四一,2026-04,30.0,1.0,1,30.0
0,台灣香蕉重量分享包(2入) @ 統一超商台北市第七四一,2026-05,30.0,1.0,1,30.0
0,外送費 @ 優食台灣,2026-03,225.0,5.0,5,45.0
0,外送費 @ 優食台灣,2026-04,255.0,7.0,7,36.42857142857143
0,外送費 @ 優食台灣,2026-05,210.0,7.0,7,30.0
0,嫩切雞肉堡6吋 @ 傑洛國際台大店,2025-09,297.0,3.0,3,99.0
0,嫩切雞肉堡6吋 @ 傑洛國際台大店,2025-10,407.0,4.0,4,101.75
0,嫩切雞肉堡6吋 @ 傑洛國際台大店,2025-11,495.0,5.0,5,99.0
0,嫩切雞肉堡6吋 @ 傑洛國際台大店,2025-12,792.0,8.0,8,99.0
0,嫩切雞肉堡6吋 @ 傑洛國際台大店,2026-01,99.0,1.0,1,99.0
0,嫩切雞肉堡6吋 @ 傑洛國際台大店,2026-02,198.0,2.0,2,99.0
0,嫩切雞肉堡6吋 @ 傑洛國際台大店,2026-03,792.0,8.0,8,99.0
0,嫩切雞肉堡6吋 @ 傑洛國際台大店,2026-04,495.0,5.0,5,99.0
0,嫩切雞肉堡6吋 @ 傑洛國際台大店,2026-05,594.0,6.0,6,99.0
0,服務費和其他費用 @ 優食台灣,2026-03,80.0,5.0,5,16.0
0,服務費和其他費用 @ 優食台灣,2026-04,99.0,7.0,7,14.142857142857142
0,服務費和其他費用 @ 優食台灣,2026-05,108.0,7.0,7,15.428571428571429
0,林聰明-雞肉飯飯糰 @ 統一超商台北市第七四一,2025-10,36.0,1.0,1,36.0
0,林聰明-雞肉飯飯糰 @ 統一超商台北市第七四一,2025-11,36.0,1.0,1,36.0
0,林聰明-雞肉飯飯糰 @ 統一超商台北市第七四一,2025-12,36.0,1.0,1,36.0
0,林聰明-雞肉飯飯糰 @ 統一超商台北市第七四一,2026-01,72.0,2.0,1,36.0
0,林聰明-雞肉飯飯糰 @ 統一超商台北市第七四一,2026-04,72.0,2.0,2,36.0
0,林聰明-雞肉飯飯糰 @ 統一超商台北市第七四一,2026-05,36.0,1.0,1,36.0
0,桂格100%燕麥(顆粒微甜)290ml @ 統一超商台北市第七四一,2025-09,105.0,3.0,3,35.0
0,桂格100%燕麥(顆粒微甜)290ml @ 統一超商台北市第七四一,2025-11,35.0,1.0,1,35.0
0,桂格100%燕麥(顆粒微甜)290ml @ 統一超商台北市第七四一,2026-03,245.0,7.0,4,35.0
0,桂格100%燕麥(顆粒微甜)290ml @ 統一超商台北市第七四一,2026-04,70.0,2.0,2,35.0
0,桂格顆粒燕麥飲 @ 全家便利商店台大二活門市部,2025-11,35.0,1.0,1,35.0
0,桂格顆粒燕麥飲 @ 全家便利商店台大二活門市部,2026-04,140.0,4.0,3,35.0
0,桂格顆粒燕麥飲 @ 全家便利商店台大二活門市部,2026-05,70.0,2.0,2,35.0
0,福樂自然零藍莓優酪 @ 統一超商台北市第七四一,2025-09,30.0,1.0,1,30.0
0,福樂自然零藍莓優酪 @ 統一超商台北市第七四一,2025-10,30.0,1.0,1,30.0
0,福樂自然零藍莓優酪 @ 統一超商台北市第七四一,2025-11,30.0,1.0,1,30.0
0,福樂自然零藍莓優酪 @ 統一超商台北市第七四一,2025-12,30.0,1.0,1,30.0
0,福樂自然零藍莓優酪 @ 統一超商台北市第七四一,2026-01,30.0,1.0,1,30.0
0,福樂自然零藍莓優酪 @ 統一超商台北市第七四一,2026-05,60.0,2.0,1,30.0
0,粥天子-廣式皮蛋瘦肉煲粥 @ 統一超商台北市第七四一,2025-09,69.0,1.0,1,69.0
0,粥天子-廣式皮蛋瘦肉煲粥 @ 統一超商台北市第七四一,2025-10,138.0,2.0,2,69.0
0,粥天子-廣式皮蛋瘦肉煲粥 @ 統一超商台北市第七四一,2025-11,128.0,2.0,2,64.0
0,粥天子-廣式皮蛋瘦肉煲粥 @ 統一超商台北市第七四一,2025-12,59.0,1.0,1,59.0
0,粥天子-廣式皮蛋瘦肉煲粥 @ 統一超商台北市第七四一,2026-01,59.0,1.0,1,59.0
0,粥天子-廣式皮蛋瘦肉煲粥 @ 統一超商台北市第七四一,2026-02,59.0,1.0,1,59.0
0,粥天子-廣式皮蛋瘦肉煲粥 @ 統一超商台北市第七四一,2026-03,236.0,4.0,4,59.0
0,粥天子-廣式皮蛋瘦肉煲粥 @ 統一超商台北市第七四一,2026-05,118.0,2.0,2,59.0
0,統一麵包快樂牛奶球 @ 統一超商台北市第七四一,2025-12,50.0,2.0,2,25.0
0,統一麵包快樂牛奶球 @ 統一超商台北市第七四一,2026-02,25.0,1.0,1,25.0
0,統一麵包快樂牛奶球 @ 統一超商台北市第七四一,2026-04,50.0,2.0,2,25.0
0,豆干 @ 東引快刀手企業社,2026-02,60.0,3.0,2,20.0
0,豆干 @ 東引快刀手企業社,2026-03,20.0,1.0,1,20.0
0,豆干 @ 東引快刀手企業社,2026-04,20.0,1.0,1,20.0
0,豆干 @ 東引快刀手企業社,2026-05,20.0,1.0,1,20.0
0,配-經典大薯 @ 和德昌台北公館,2025-10,43.0,1.0,1,43.0
0,配-經典大薯 @ 和德昌台北公館,2025-11,86.0,2.0,2,43.0
0,配-經典大薯 @ 和德昌台北公館,2025-12,86.0,2.0,2,43.0
0,配-經典大薯 @ 和德昌台北公館,2026-05,86.0,2.0,2,43.0
0,韓國農心辛香菇杯麵 @ 統一超商台北市第七四一,2025-11,49.0,1.0,1,49.0
0,韓國農心辛香菇杯麵 @ 統一超商台北市第七四一,2025-12,49.0,1.0,1,49.0
0,韓國農心辛香菇杯麵 @ 統一超商台北市第七四一,2026-02,98.0,2.0,1,49.0
0,韓國農心辛香菇杯麵 @ 統一超商台北市第七四一,2026-03,98.0,2.0,2,49.0
0,韓國農心辛香菇杯麵 @ 統一超商台北市第七四一,2026-04,49.0,1.0,1,49.0
0,韓國農心辛香菇杯麵 @ 統一超商台北市第七四一,2026-05,98.0,2.0,2,49.0
0,餅乾1片 @ 傑洛國際台大店,2025-10,125.0,5.0,4,25.0
0,餅乾1片 @ 傑洛國際台大店,2025-11,125.0,5.0,5,25.0
0,餅乾1片 @ 傑洛國際台大店,2025-12,200.0,8.0,8,25.0
0,餅乾1片 @ 傑洛國際台大店,2026-01,25.0,1.0,1,25.0
0,餅乾1片 @ 傑洛國際台大店,2026-03,175.0,7.0,5,25.0
0,餅乾1片 @ 傑洛國際台大店,2026-04,25.0,1.0,1,25.0
0,餅乾1片 @ 傑洛國際台大店,2026-05,75.0,3.0,3,25.0
0,餅乾3片 @ 傑洛國際台大店,2026-02,120.0,2.0,2,60.0
0,餅乾3片 @ 傑洛國際台大店,2026-03,360.0,6.0,6,60.0
0,餅乾3片 @ 傑洛國際台大店,2026-04,120.0,2.0,2,60.0
0,餅乾3片 @ 傑洛國際台大店,2026-05,60.0,1.0,1,60.0
0,餐-十塊雞 @ 和德昌台北公館,2025-10,109.0,1.0,1,109.0
0,餐-十塊雞 @ 和德昌台北公館,2025-11,218.0,2.0,2,109.0
0,餐-十塊雞 @ 和德昌台北公館,2025-12,109.0,1.0,1,109.0
0,餐-十塊雞 @ 和德昌台北公館,2026-05,109.0,1.0,1,109.0
1,(a)統一h2o純水pet2200 @ 統一超商新北市第一四三五,2025-10,210.0,6.0,3,35.0
1,(a)統一h2o純水pet2200 @ 統一超商新北市第一四三五,2025-11,140.0,4.0,2,35.0
1,(a)統一h2o純水pet2200 @ 統一超商新北市第一四三五,2025-12,280.0,8.0,4,35.0
1,(a)統一h2o純水pet2200 @ 統一超商新北市第一四三五,2026-05,70.0,2.0,1,35.0
1,12fit - 特餐_七味蒜香雞胸(b) @ 百變全球餐飲,2025-10,250.0,2.0,2,125.0
1,12fit - 特餐_七味蒜香雞胸(b) @ 百變全球餐飲,2025-11,125.0,1.0,1,125.0
1,12fit - 特餐_七味蒜香雞胸(b) @ 百變全球餐飲,2026-01,625.0,5.0,5,125.0
1,12fit - 特餐_七味蒜香雞胸(b) @ 百變全球餐飲,2026-02,500.0,4.0,4,125.0
1,12fit - 特餐_七味蒜香雞胸(b) @ 百變全球餐飲,2026-03,375.0,3.0,3,125.0
1,12fit - 特餐_七味蒜香雞胸(b) @ 百變全球餐飲,2026-04,250.0,2.0,2,125.0
1,12fit - 特餐_七味蒜香雞胸(b) @ 百變全球餐飲,2026-05,125.0,1.0,1,125.0
1,16oz(冰)特選美式咖啡 @ 統一聖娜多堡市站門市部,2025-09,420.0,7.0,7,60.0
1,16oz(冰)特選美式咖啡 @ 統一聖娜多堡市站門市部,2025-11,180.0,3.0,3,60.0
1,16oz(冰)特選美式咖啡 @ 統一聖娜多堡市站門市部,2025-12,180.0,3.0,3,60.0
1,16oz(冰)特選美式咖啡 @ 統一聖娜多堡市站門市部,2026-01,360.0,6.0,6,60.0
1,16oz(冰)特選美式咖啡 @ 統一聖娜多堡市站門市部,2026-02,300.0,5.0,5,60.0
1,16oz(冰)特選美式咖啡 @ 統一聖娜多堡市站門市部,2026-03,180.0,3.0,3,60.0
1,16oz(冰)特選美式咖啡 @ 統一聖娜多堡市站門市部,2026-04,180.0,3.0,3,60.0
1,16oz(冰)特選美式咖啡 @ 統一聖娜多堡市站門市部,2026-05,120.0,2.0,2,60.0
1,864898丸龜製麵 @ 遠百企業板橋南雅,2025-12,288.0,2.0,2,144.0
1,864898丸龜製麵 @ 遠百企業板橋南雅,2026-03,144.0,1.0,1,144.0
1,864898丸龜製麵 @ 遠百企業板橋南雅,2026-04,174.0,1.0,1,174.0
1,864898丸龜製麵 @ 遠百企業板橋南雅,2026-05,184.0,1.0,1,184.0
1,a 美式黑咖啡-中冰 @ 路易莎職人咖啡新北圖館,2026-03,120.0,2.0,2,60.0
1,a 美式黑咖啡-中冰 @ 路易莎職人咖啡新北圖館,2026-04,60.0,1.0,1,60.0
1,a 美式黑咖啡-中冰 @ 路易莎職人咖啡新北圖館,2026-05,120.0,2.0,2,60.0
1,a4黑白列印ibon @ 統一超商新北市第一四三五,2025-12,63.0,21.0,3,3.0
1,a4黑白列印ibon @ 統一超商新北市第一四三五,2026-05,126.0,42.0,2,3.0
1,d摩斯雞塊套加60 @ 安心食品服務南港展館,2025-12,240.0,4.0,4,60.0
1,d摩斯雞塊套加60 @ 安心食品服務南港展館,2026-01,60.0,1.0,1,60.0
1,d摩斯雞塊套加60 @ 安心食品服務南港展館,2026-02,120.0,2.0,2,60.0
1,d摩斯雞塊套加60 @ 安心食品服務南港展館,2026-03,60.0,1.0,1,60.0
1,d摩斯雞塊套加60 @ 安心食品服務南港展館,2026-04,180.0,3.0,3,60.0
1,d摩斯雞塊套加60 @ 安心食品服務南港展館,2026-05,60.0,1.0,1,60.0
1,parking fee @ 正好停樹林車站停車場,2025-09,630.0,18.0,18,35.0
1,parking fee @ 正好停樹林車站停車場,2025-10,490.0,14.0,14,35.0
1,parking fee @ 正好停樹林車站停車場,2025-11,455.0,13.0,13,35.0
1,parking fee @ 正好停樹林車站停車場,2025-12,315.0,9.0,9,35.0
1,parking fee @ 正好停樹林車站停車場,2026-01,525.0,15.0,15,35.0
1,parking fee @ 正好停樹林車站停車場,2026-02,280.0,8.0,8,35.0
1,parking fee @ 正好停樹林車站停車場,2026-03,350.0,10.0,10,35.0
1,parking fee @ 正好停樹林車站停車場,2026-04,175.0,5.0,5,35.0
1,parking fee @ 正好停樹林車站停車場,2026-05,245.0,7.0,7,35.0
1,pkl330立頓巧克力奶 @ 松深食品,2025-10,13.0,1.0,1,13.0
1,pkl330立頓巧克力奶 @ 松深食品,2025-11,26.0,2.0,2,13.0
1,pkl330立頓巧克力奶 @ 松深食品,2025-12,13.0,1.0,1,13.0
1,pkl330立頓巧克力奶 @ 松深食品,2026-04,13.0,1.0,1,13.0
1,一配經典肉鬆飯糰 @ 全家便利商店台大二活門市部,2025-11,30.0,1.0,1,30.0
1,一配經典肉鬆飯糰 @ 全家便利商店台大二活門市部,2025-12,90.0,3.0,3,30.0
1,一配經典肉鬆飯糰 @ 全家便利商店台大二活門市部,2026-03,30.0,1.0,1,30.0
1,一配經典肉鬆飯糰 @ 全家便利商店台大二活門市部,2026-04,60.0,2.0,2,30.0
1,三明治冰淇淋 @ 國立臺灣大學生物資源暨農學院附設農業試驗場,2025-09,59.0,2.0,2,29.5
1,三明治冰淇淋 @ 國立臺灣大學生物資源暨農學院附設農業試驗場,2025-10,29.0,1.0,1,29.0
1,三明治冰淇淋 @ 國立臺灣大學生物資源暨農學院附設農業試驗場,2025-11,58.0,2.0,2,29.0
1,三明治冰淇淋 @ 國立臺灣大學生物資源暨農學院附設農業試驗場,2025-12,30.0,1.0,1,30.0
1,三明治冰淇淋 @ 國立臺灣大學生物資源暨農學院附設農業試驗場,2026-02,29.0,1.0,1,29.0
1,三明治冰淇淋 @ 國立臺灣大學生物資源暨農學院附設農業試驗場,2026-05,29.0,1.0,1,29.0
1,停車費 @ 歐特儀市民廣場地下停車場,2025-09,90.0,3.0,3,30.0
1,停車費 @ 歐特儀市民廣場地下停車場,2025-10,90.0,3.0,3,30.0
1,停車費 @ 歐特儀市民廣場地下停車場,2025-11,160.0,5.0,5,32.0
1,停車費 @ 歐特儀市民廣場地下停車場,2025-12,120.0,3.0,3,40.0
1,停車費 @ 歐特儀市民廣場地下停車場,2026-01,80.0,2.0,2,40.0
1,停車費 @ 歐特儀市民廣場地下停車場,2026-02,40.0,1.0,1,40.0
1,停車費 @ 歐特儀市民廣場地下停車場,2026-03,135.0,5.0,5,27.0
1,停車費 @ 歐特儀市民廣場地下停車場,2026-04,50.0,2.0,2,25.0
1,停車費 @ 歐特儀市民廣場地下停車場,2026-05,120.0,3.0,3,40.0
1,停車費 @ 遠創智慧,2026-04,90.0,3.0,3,30.0
1,停車費 @ 遠創智慧,2026-05,120.0,4.0,4,30.0
1,冰/熱 美式咖啡(大) @ 統一超商,2025-09,143.0,1.0,1,143.0
1,冰/熱 美式咖啡(大) @ 統一超商,2025-10,140.0,1.0,1,140.0
1,冰/熱 美式咖啡(大) @ 統一超商,2025-12,140.0,1.0,1,140.0
1,冰/熱 美式咖啡(大) @ 統一超商,2026-01,280.0,2.0,2,140.0
1,冰/熱 美式咖啡(大) @ 統一超商,2026-02,140.0,1.0,1,140.0
1,冰紅茶-大(新) @ 安心食品服務南港展館,2025-12,200.0,5.0,4,40.0
1,冰紅茶-大(新) @ 安心食品服務南港展館,2026-02,80.0,2.0,2,40.0
1,冰紅茶-大(新) @ 安心食品服務南港展館,2026-03,80.0,2.0,2,40.0
1,冰紅茶-大(新) @ 安心食品服務南港展館,2026-04,80.0,2.0,2,40.0
1,冰紅茶-大(新) @ 安心食品服務南港展館,2026-05,80.0,2.0,2,40.0
1,午后時光-重乳奶茶tp330 @ 統一超商新北市第一四三五,2025-09,50.0,2.0,1,25.0
1,午后時光-重乳奶茶tp330 @ 統一超商新北市第一四三五,2025-10,50.0,2.0,1,25.0
1,午后時光-重乳奶茶tp330 @ 統一超商新北市第一四三五,2025-11,150.0,6.0,3,25.0
1,午后時光-重乳奶茶tp330 @ 統一超商新北市第一四三五,2025-12,100.0,4.0,2,25.0
1,午后時光-重乳奶茶tp330 @ 統一超商新北市第一四三五,2026-02,75.0,3.0,2,25.0
1,午后時光-重乳奶茶tp330 @ 統一超商新北市第一四三五,2026-03,50.0,2.0,1,25.0
1,午后時光-重乳奶茶tp330 @ 統一超商新北市第一四三五,2026-04,50.0,2.0,1,25.0
1,午后時光-重乳奶茶tp330 @ 統一超商新北市第一四三五,2026-05,150.0,6.0,3,25.0
1,原味波士頓 @ 貓啡因商行,2025-09,320.0,2.0,2,160.0
1,原味波士頓 @ 貓啡因商行,2025-12,160.0,1.0,1,160.0
1,原味波士頓 @ 貓啡因商行,2026-01,480.0,3.0,3,160.0
1,原味波士頓 @ 貓啡因商行,2026-04,160.0,1.0,1,160.0
1,原味波士頓 @ 貓啡因商行,2026-05,480.0,3.0,2,160.0
1,台灣上等蕉(裸賣) @ 統一超商台北市第一0二七,2026-01,40.0,2.0,2,20.0
1,台灣上等蕉(裸賣) @ 統一超商台北市第一0二七,2026-02,40.0,2.0,2,20.0
1,台灣上等蕉(裸賣) @ 統一超商台北市第一0二七,2026-04,20.0,1.0,1,20.0
1,台灣香蕉重量分享包(2入) @ 統一超商台北市第一0二七,2026-01,60.0,2.0,2,30.0
1,台灣香蕉重量分享包(2入) @ 統一超商台北市第一0二七,2026-02,60.0,2.0,2,30.0
1,台灣香蕉重量分享包(2入) @ 統一超商台北市第一0二七,2026-04,30.0,1.0,1,30.0
1,台灣香蕉重量分享包(2入) @ 統一超商台北市第一0二七,2026-05,60.0,2.0,2,30.0
1,多多綠茶 @ 貓啡因商行,2025-11,360.0,3.0,3,120.0
1,多多綠茶 @ 貓啡因商行,2025-12,360.0,3.0,3,120.0
1,多多綠茶 @ 貓啡因商行,2026-01,480.0,4.0,4,120.0
1,多多綠茶 @ 貓啡因商行,2026-03,120.0,1.0,1,120.0
1,多多綠茶 @ 貓啡因商行,2026-04,360.0,3.0,3,120.0
1,多多綠茶 @ 貓啡因商行,2026-05,360.0,3.0,3,120.0
1,大1四季春珍波椰 @ 星翔飲料店,2025-09,200.0,4.0,4,50.0
1,大1四季春珍波椰 @ 星翔飲料店,2025-10,300.0,6.0,6,50.0
1,大1四季春珍波椰 @ 星翔飲料店,2025-11,200.0,4.0,4,50.0
1,大1四季春珍波椰 @ 星翔飲料店,2025-12,150.0,3.0,3,50.0
1,大1四季春珍波椰 @ 星翔飲料店,2026-01,50.0,1.0,1,50.0
1,大1四季春珍波椰 @ 星翔飲料店,2026-02,150.0,3.0,3,50.0
1,大1四季春珍波椰 @ 星翔飲料店,2026-03,50.0,1.0,1,50.0
1,大1四季春珍波椰 @ 星翔飲料店,2026-04,100.0,2.0,2,50.0
1,大1四季春珍波椰 @ 星翔飲料店,2026-05,100.0,2.0,2,50.0
1,大冰美式 @ 全家便利商店台大二活門市部,2025-09,90.0,2.0,2,45.0
1,大冰美式 @ 全家便利商店台大二活門市部,2025-10,315.0,7.0,7,45.0
1,大冰美式 @ 全家便利商店台大二活門市部,2025-11,360.0,8.0,8,45.0
1,大冰美式 @ 全家便利商店台大二活門市部,2025-12,270.0,6.0,6,45.0
1,大冰美式 @ 全家便利商店台大二活門市部,2026-02,45.0,1.0,1,45.0
1,大冰美式 @ 全家便利商店台大二活門市部,2026-03,315.0,7.0,7,45.0
1,大冰美式 @ 全家便利商店台大二活門市部,2026-04,360.0,8.0,8,45.0
1,大冰美式 @ 全家便利商店台大二活門市部,2026-05,315.0,7.0,7,45.0
1,奶茶 @ 貓啡因商行,2025-09,390.0,3.0,3,130.0
1,奶茶 @ 貓啡因商行,2025-10,520.0,4.0,4,130.0
1,奶茶 @ 貓啡因商行,2025-12,130.0,1.0,1,130.0
1,奶茶 @ 貓啡因商行,2026-01,260.0,2.0,2,130.0
1,奶茶 @ 貓啡因商行,2026-03,130.0,1.0,1,130.0
1,奶茶 @ 貓啡因商行,2026-05,130.0,1.0,1,130.0
1,御選肉鬆飯糰 @ 統一超商台北市第一0二七,2026-01,196.0,7.0,6,28.0
1,御選肉鬆飯糰 @ 統一超商台北市第一0二七,2026-02,168.0,6.0,4,28.0
1,御選肉鬆飯糰 @ 統一超商台北市第一0二七,2026-03,56.0,2.0,2,28.0
1,御選肉鬆飯糰 @ 統一超商台北市第一0二七,2026-04,56.0,2.0,2,28.0
1,御選肉鬆飯糰 @ 統一超商台北市第一0二七,2026-05,84.0,3.0,3,28.0
1,摩斯鱈魚堡 @ 安心食品服務南港展館,2025-12,70.0,1.0,1,70.0
1,摩斯鱈魚堡 @ 安心食品服務南港展館,2026-01,70.0,1.0,1,70.0
1,摩斯鱈魚堡 @ 安心食品服務南港展館,2026-02,70.0,1.0,1,70.0
1,摩斯鱈魚堡 @ 安心食品服務南港展館,2026-03,70.0,1.0,1,70.0
1,摩斯鱈魚堡 @ 安心食品服務南港展館,2026-04,70.0,1.0,1,70.0
1,摩斯鱈魚堡 @ 安心食品服務南港展館,2026-05,70.0,1.0,1,70.0
1,日香雞肉飯 - 私房辣椒雞腿飯(b) @ 百變全球餐飲,2025-11,120.0,1.0,1,120.0
1,日香雞肉飯 - 私房辣椒雞腿飯(b) @ 百變全球餐飲,2025-12,240.0,2.0,2,120.0
1,日香雞肉飯 - 私房辣椒雞腿飯(b) @ 百變全球餐飲,2026-01,120.0,1.0,1,120.0
1,日香雞肉飯 - 私房辣椒雞腿飯(b) @ 百變全球餐飲,2026-02,240.0,2.0,2,120.0
1,日香雞肉飯 - 私房辣椒雞腿飯(b) @ 百變全球餐飲,2026-04,120.0,1.0,1,120.0
1,日香雞肉飯 - 私房辣椒雞腿飯(b) @ 百變全球餐飲,2026-05,120.0,1.0,1,120.0
1,星-二配板巧克力夾心土司 @ 全家便利商店台大二活門市部,2025-09,96.0,3.0,3,32.0
1,星-二配板巧克力夾心土司 @ 全家便利商店台大二活門市部,2025-10,192.0,6.0,6,32.0
1,星-二配板巧克力夾心土司 @ 全家便利商店台大二活門市部,2025-11,160.0,5.0,5,32.0
1,星-二配板巧克力夾心土司 @ 全家便利商店台大二活門市部,2025-12,32.0,1.0,1,32.0
1,桌球場 @ 臺北大眾捷運內湖線南港展覽館站,2025-09,100.0,1.0,1,100.0
1,桌球場 @ 臺北大眾捷運內湖線南港展覽館站,2025-11,500.0,5.0,5,100.0
1,桌球場 @ 臺北大眾捷運內湖線南港展覽館站,2025-12,600.0,6.0,6,100.0
1,桌球場 @ 臺北大眾捷運內湖線南港展覽館站,2026-01,700.0,7.0,7,100.0
1,桌球場 @ 臺北大眾捷運內湖線南港展覽館站,2026-02,200.0,2.0,2,100.0
1,桌球場 @ 臺北大眾捷運內湖線南港展覽館站,2026-03,500.0,5.0,5,100.0
1,桌球場 @ 臺北大眾捷運內湖線南港展覽館站,2026-04,400.0,4.0,4,100.0
1,桌球場 @ 臺北大眾捷運內湖線南港展覽館站,2026-05,200.0,2.0,2,100.0
1,桌球場 @ 長佳機電工程大安運動中心暨和平籃球館營業所,2025-09,700.0,7.0,7,100.0
1,桌球場 @ 長佳機電工程大安運動中心暨和平籃球館營業所,2025-10,700.0,7.0,7,100.0
1,桌球場 @ 長佳機電工程大安運動中心暨和平籃球館營業所,2025-11,100.0,1.0,1,100.0
1,桌球場 @ 長佳機電工程大安運動中心暨和平籃球館營業所,2026-04,100.0,1.0,1,100.0
1,桌球場 @ 長佳機電工程大安運動中心暨和平籃球館營業所,2026-05,200.0,2.0,2,100.0
1,極致巧克力蛋糕 @ 貓啡因商行,2025-10,800.0,5.0,4,160.0
1,極致巧克力蛋糕 @ 貓啡因商行,2025-11,160.0,1.0,1,160.0
1,極致巧克力蛋糕 @ 貓啡因商行,2026-01,640.0,4.0,3,160.0
1,極選厚菠蘿 @ 統一聖娜多堡市站門市部,2025-09,117.0,3.0,3,39.0
1,極選厚菠蘿 @ 統一聖娜多堡市站門市部,2025-11,39.0,1.0,1,39.0
1,極選厚菠蘿 @ 統一聖娜多堡市站門市部,2025-12,78.0,2.0,2,39.0
1,極選厚菠蘿 @ 統一聖娜多堡市站門市部,2026-01,78.0,2.0,2,39.0
1,母傳原湯清燉牛肉 @ 吾時食清燉紅燒牛肉麵,2025-12,208.0,1.0,1,208.0
1,母傳原湯清燉牛肉 @ 吾時食清燉紅燒牛肉麵,2026-01,416.0,2.0,1,208.0
1,母傳原湯清燉牛肉 @ 吾時食清燉紅燒牛肉麵,2026-02,223.0,1.0,1,223.0
1,母傳原湯清燉牛肉 @ 吾時食清燉紅燒牛肉麵,2026-03,913.0,4.0,3,228.25
1,母傳原湯清燉牛肉 @ 吾時食清燉紅燒牛肉麵,2026-04,928.0,4.0,3,232.0
1,母傳原湯清燉牛肉 @ 吾時食清燉紅燒牛肉麵,2026-05,1066.0,4.0,3,266.5
1,油切蕎麥茶 @ 恆木茶行,2025-09,85.0,2.0,2,42.5
1,油切蕎麥茶 @ 恆木茶行,2025-10,50.0,1.0,1,50.0
1,油切蕎麥茶 @ 恆木茶行,2025-11,35.0,1.0,1,35.0
1,油切蕎麥茶 @ 恆木茶行,2026-04,40.0,1.0,1,40.0
1,涼拌豆干絲 @ 九南商行,2025-09,35.0,1.0,1,35.0
1,涼拌豆干絲 @ 九南商行,2025-10,35.0,1.0,1,35.0
1,涼拌豆干絲 @ 九南商行,2025-11,35.0,1.0,1,35.0
1,涼拌豆干絲 @ 九南商行,2026-02,35.0,1.0,1,35.0
1,涼拌豆干絲 @ 九南商行,2026-03,35.0,1.0,1,35.0
1,涼拌豆干絲 @ 九南商行,2026-04,70.0,2.0,2,35.0
1,清爽沙拉飯 @ 詠觀國際,2025-09,110.0,1.0,1,110.0
1,清爽沙拉飯 @ 詠觀國際,2025-12,330.0,3.0,3,110.0
1,清爽沙拉飯 @ 詠觀國際,2026-02,110.0,1.0,1,110.0
1,清爽沙拉飯 @ 詠觀國際,2026-03,330.0,3.0,3,110.0
1,清爽沙拉飯 @ 詠觀國際,2026-04,330.0,3.0,3,110.0
1,清爽沙拉飯 @ 詠觀國際,2026-05,480.0,4.0,4,120.0
1,炙燒乳酪蛋糕 @ 貓啡因商行,2025-09,320.0,2.0,2,160.0
1,炙燒乳酪蛋糕 @ 貓啡因商行,2025-11,320.0,2.0,2,160.0
1,炙燒乳酪蛋糕 @ 貓啡因商行,2025-12,160.0,1.0,1,160.0
1,炙燒乳酪蛋糕 @ 貓啡因商行,2026-01,160.0,1.0,1,160.0
1,烤雞(熟) @ 詠觀國際,2025-09,45.0,1.0,1,45.0
1,烤雞(熟) @ 詠觀國際,2025-12,135.0,3.0,3,45.0
1,烤雞(熟) @ 詠觀國際,2026-02,45.0,1.0,1,45.0
1,烤雞(熟) @ 詠觀國際,2026-03,135.0,3.0,3,45.0
1,烤雞(熟) @ 詠觀國際,2026-04,135.0,3.0,3,45.0
1,烤雞(熟) @ 詠觀國際,2026-05,180.0,4.0,4,45.0
1,熟食 @ 冠樺生活,2025-09,1230.0,13.0,13,94.61538461538461
1,熟食 @ 冠樺生活,2025-10,480.0,11.0,11,43.63636363636363
1,熟食 @ 冠樺生活,2025-11,1141.0,11.0,11,103.72727272727273
1,熟食 @ 冠樺生活,2025-12,1480.0,12.0,12,123.33333333333333
1,熟食 @ 冠樺生活,2026-01,1526.0,12.0,12,127.16666666666667
1,熟食 @ 冠樺生活,2026-02,360.0,9.0,9,40.0
1,熟食 @ 冠樺生活,2026-03,2612.0,16.0,16,163.25
1,熟食 @ 冠樺生活,2026-04,2665.0,21.0,21,126.9047619047619
1,熟食 @ 冠樺生活,2026-05,1898.0,9.0,9,210.88888888888889
1,燙青菜 @ 一娘子小吃店,2026-01,40.0,1.0,1,40.0
1,燙青菜 @ 一娘子小吃店,2026-02,40.0,1.0,1,40.0
1,燙青菜 @ 一娘子小吃店,2026-03,80.0,2.0,2,40.0
1,燙青菜 @ 一娘子小吃店,2026-04,40.0,1.0,1,40.0
1,燙青菜 @ 吾時食清燉紅燒牛肉麵,2026-01,43.0,1.0,1,43.0
1,燙青菜 @ 吾時食清燉紅燒牛肉麵,2026-02,73.0,1.0,1,73.0
1,燙青菜 @ 吾時食清燉紅燒牛肉麵,2026-03,219.0,3.0,3,73.0
1,燙青菜 @ 吾時食清燉紅燒牛肉麵,2026-04,219.0,3.0,3,73.0
1,燙青菜 @ 吾時食清燉紅燒牛肉麵,2026-05,219.0,3.0,3,73.0
1,牧香穀物鮮奶茶(l) @ 大仟飲料店,2025-12,70.0,1.0,1,70.0
1,牧香穀物鮮奶茶(l) @ 大仟飲料店,2026-01,140.0,2.0,2,70.0
1,牧香穀物鮮奶茶(l) @ 大仟飲料店,2026-02,70.0,1.0,1,70.0
1,牧香穀物鮮奶茶(l) @ 大仟飲料店,2026-03,70.0,1.0,1,70.0
1,白玉珍珠 / 無糖 / 微冰 @ 陌生人商行,2025-10,10.0,1.0,1,10.0
1,白玉珍珠 / 無糖 / 微冰 @ 陌生人商行,2025-11,10.0,1.0,1,10.0
1,白玉珍珠 / 無糖 / 微冰 @ 陌生人商行,2025-12,20.0,2.0,2,10.0
1,白玉珍珠 / 無糖 / 微冰 @ 陌生人商行,2026-03,10.0,1.0,1,10.0
1,白玉珍珠 / 無糖 / 微冰 @ 陌生人商行,2026-05,10.0,1.0,1,10.0
1,皮蛋乾麵 @ 一娘子小吃店,2025-12,100.0,1.0,1,100.0
1,皮蛋乾麵 @ 一娘子小吃店,2026-01,200.0,2.0,2,100.0
1,皮蛋乾麵 @ 一娘子小吃店,2026-02,180.0,2.0,2,90.0
1,皮蛋乾麵 @ 一娘子小吃店,2026-03,460.0,5.0,3,92.0
1,皮蛋乾麵 @ 一娘子小吃店,2026-04,200.0,2.0,2,100.0
1,糖心蛋(兩片) @ 九南商行,2025-09,90.0,3.0,3,30.0
1,糖心蛋(兩片) @ 九南商行,2025-10,30.0,1.0,1,30.0
1,糖心蛋(兩片) @ 九南商行,2026-01,60.0,2.0,2,30.0
1,糖心蛋(兩片) @ 九南商行,2026-02,30.0,1.0,1,30.0
1,糖心蛋(兩片) @ 九南商行,2026-03,60.0,2.0,2,30.0
1,糖心蛋(兩片) @ 九南商行,2026-04,60.0,2.0,2,30.0
1,紅茶 @ 貓啡因商行,2025-09,180.0,2.0,2,90.0
1,紅茶 @ 貓啡因商行,2025-10,360.0,4.0,4,90.0
1,紅茶 @ 貓啡因商行,2025-11,540.0,6.0,6,90.0
1,紅茶 @ 貓啡因商行,2025-12,360.0,4.0,4,90.0
1,紅茶 @ 貓啡因商行,2026-01,540.0,6.0,6,90.0
1,紅茶 @ 貓啡因商行,2026-03,180.0,2.0,2,90.0
1,紅茶 @ 貓啡因商行,2026-04,270.0,3.0,3,90.0
1,紅茶 @ 貓啡因商行,2026-05,360.0,4.0,3,90.0
1,美式冰咖啡(大) @ 統一超商台北市第一0二七,2026-01,360.0,8.0,8,45.0
1,美式冰咖啡(大) @ 統一超商台北市第一0二七,2026-02,135.0,3.0,3,45.0
1,美式冰咖啡(大) @ 統一超商台北市第一0二七,2026-04,45.0,1.0,1,45.0
1,美式冰咖啡(大) @ 統一超商台北市第一0二七,2026-05,180.0,4.0,3,45.0
1,芽香綠金萱(l) @ 大仟飲料店,2025-12,70.0,2.0,2,35.0
1,芽香綠金萱(l) @ 大仟飲料店,2026-01,70.0,2.0,2,35.0
1,芽香綠金萱(l) @ 大仟飲料店,2026-02,70.0,2.0,2,35.0
1,芽香綠金萱(l) @ 大仟飲料店,2026-03,105.0,3.0,3,35.0
1,芽香綠金萱(l) @ 陌生人商行,2025-11,35.0,1.0,1,35.0
1,芽香綠金萱(l) @ 陌生人商行,2025-12,70.0,2.0,2,35.0
1,芽香綠金萱(l) @ 陌生人商行,2026-03,175.0,5.0,5,35.0
1,芽香綠金萱(l) @ 陌生人商行,2026-04,105.0,3.0,3,35.0
1,芽香綠金萱(l) @ 陌生人商行,2026-05,105.0,3.0,3,35.0
1,草莓 @ 貓啡因商行,2025-10,320.0,2.0,2,160.0
1,草莓 @ 貓啡因商行,2025-11,480.0,3.0,3,160.0
1,草莓 @ 貓啡因商行,2025-12,160.0,1.0,1,160.0
1,草莓 @ 貓啡因商行,2026-01,320.0,2.0,2,160.0
1,超市餐飲其他 @ 遠東百貨板橋新站,2025-09,853.0,2.0,2,426.5
1,超市餐飲其他 @ 遠東百貨板橋新站,2025-10,644.0,2.0,2,322.0
1,超市餐飲其他 @ 遠東百貨板橋新站,2025-11,335.0,1.0,1,335.0
1,超市餐飲其他 @ 遠東百貨板橋新站,2025-12,466.0,1.0,1,466.0
1,超市餐飲其他 @ 遠東百貨板橋新站,2026-01,672.0,2.0,2,336.0
1,超級大麥海洋珍珠堡 @ 安心食品服務南港展館,2025-12,255.0,3.0,3,85.0
1,超級大麥海洋珍珠堡 @ 安心食品服務南港展館,2026-01,85.0,1.0,1,85.0
1,超級大麥海洋珍珠堡 @ 安心食品服務南港展館,2026-03,85.0,1.0,1,85.0
1,超級大麥海洋珍珠堡 @ 安心食品服務南港展館,2026-04,255.0,3.0,3,85.0
1,超級大麥海洋珍珠堡 @ 安心食品服務南港展館,2026-05,85.0,1.0,1,85.0
1,輕食咖啡廳 @ 冠樺生活,2025-09,260.0,2.0,2,130.0
1,輕食咖啡廳 @ 冠樺生活,2025-11,240.0,1.0,1,240.0
1,輕食咖啡廳 @ 冠樺生活,2025-12,670.0,3.0,3,223.33333333333334
1,輕食咖啡廳 @ 冠樺生活,2026-01,527.0,2.0,2,263.5
1,輕食咖啡廳 @ 冠樺生活,2026-03,204.0,1.0,1,204.0
1,輕食咖啡廳 @ 冠樺生活,2026-04,204.0,1.0,1,204.0
1,輕食咖啡廳 @ 冠樺生活,2026-05,235.0,1.0,1,235.0
1,配料 @ 九南商行,2025-09,45.0,3.0,3,15.0
1,配料 @ 九南商行,2025-10,15.0,1.0,1,15.0
1,配料 @ 九南商行,2025-11,30.0,2.0,2,15.0
1,配料 @ 九南商行,2026-01,60.0,2.0,2,30.0
1,配料 @ 九南商行,2026-02,15.0,1.0,1,15.0
1,配料 @ 九南商行,2026-03,30.0,2.0,2,15.0
1,配料 @ 九南商行,2026-04,30.0,2.0,2,15.0
1,酥脆雞塊 @ 貓啡因商行,2025-11,260.0,2.0,2,130.0
1,酥脆雞塊 @ 貓啡因商行,2025-12,130.0,1.0,1,130.0
1,酥脆雞塊 @ 貓啡因商行,2026-01,520.0,4.0,4,130.0
1,酥脆雞塊 @ 貓啡因商行,2026-03,130.0,1.0,1,130.0
1,重乳奶茶tp330 @ 全家便利商店台大二活門市部,2026-03,50.0,2.0,2,25.0
1,重乳奶茶tp330 @ 全家便利商店台大二活門市部,2026-04,50.0,2.0,2,25.0
1,重乳奶茶tp330 @ 全家便利商店台大二活門市部,2026-05,25.0,1.0,1,25.0
1,金塊香蒜-小單位 @ 統一聖娜多堡市站門市部,2025-09,210.0,5.0,5,42.0
1,金塊香蒜-小單位 @ 統一聖娜多堡市站門市部,2025-11,84.0,2.0,2,42.0
1,金塊香蒜-小單位 @ 統一聖娜多堡市站門市部,2025-12,42.0,1.0,1,42.0
1,金塊香蒜-小單位 @ 統一聖娜多堡市站門市部,2026-01,168.0,4.0,4,42.0
1,金塊香蒜-小單位 @ 統一聖娜多堡市站門市部,2026-02,168.0,4.0,4,42.0
1,金塊香蒜-小單位 @ 統一聖娜多堡市站門市部,2026-03,126.0,3.0,3,42.0
1,金塊香蒜-小單位 @ 統一聖娜多堡市站門市部,2026-04,126.0,3.0,3,42.0
1,金塊香蒜-小單位 @ 統一聖娜多堡市站門市部,2026-05,84.0,2.0,2,42.0
1,金萱雙q @ 源湧商行,2025-09,50.0,1.0,1,50.0
1,金萱雙q @ 源湧商行,2025-10,200.0,4.0,4,50.0
1,金萱雙q @ 源湧商行,2025-11,200.0,4.0,4,50.0
1,金萱雙q @ 源湧商行,2025-12,200.0,4.0,4,50.0
1,金萱雙q @ 源湧商行,2026-01,100.0,2.0,2,50.0
1,金萱雙q @ 源湧商行,2026-02,150.0,3.0,2,50.0
1,金萱雙q @ 源湧商行,2026-03,100.0,2.0,2,50.0
1,金萱雙q @ 源湧商行,2026-04,150.0,3.0,3,50.0
1,金萱雙q @ 源湧商行,2026-05,250.0,5.0,5,50.0
1,韓式泡菜拉麵 @ 九南商行,2025-09,450.0,3.0,3,150.0
1,韓式泡菜拉麵 @ 九南商行,2025-10,150.0,1.0,1,150.0
1,韓式泡菜拉麵 @ 九南商行,2025-11,300.0,2.0,2,150.0
1,韓式泡菜拉麵 @ 九南商行,2026-01,300.0,2.0,2,150.0
1,韓式泡菜拉麵 @ 九南商行,2026-02,150.0,1.0,1,150.0
1,韓式泡菜拉麵 @ 九南商行,2026-03,300.0,2.0,2,150.0
1,韓式泡菜拉麵 @ 九南商行,2026-04,300.0,2.0,2,150.0
1,餐廳 @ 冠樺生活,2025-09,995.0,2.0,2,497.5
1,餐廳 @ 冠樺生活,2025-10,400.0,1.0,1,400.0
1,餐廳 @ 冠樺生活,2025-11,1390.0,2.0,2,695.0
1,餐廳 @ 冠樺生活,2025-12,2370.0,4.0,4,592.5
1,餐廳 @ 冠樺生活,2026-01,1220.0,2.0,2,610.0
1,餐廳 @ 冠樺生活,2026-02,675.0,1.0,1,675.0
1,餐廳 @ 冠樺生活,2026-03,500.0,1.0,1,500.0
1,餐廳 @ 冠樺生活,2026-05,1140.0,2.0,2,570.0
1,餐飲與食品(f&b) @ 潤泰旭展,2025-09,303.0,1.0,1,303.0
1,餐飲與食品(f&b) @ 潤泰旭展,2025-10,580.0,2.0,2,290.0
1,餐飲與食品(f&b) @ 潤泰旭展,2025-11,1043.0,2.0,2,521.5
1,餐飲與食品(f&b) @ 潤泰旭展,2025-12,4595.0,3.0,3,1531.6666666666667
1,餐飲與食品(f&b) @ 潤泰旭展,2026-03,3714.0,5.0,5,742.8
1,餐飲與食品(f&b) @ 潤泰旭展,2026-04,1977.0,3.0,3,659.0
1,餐飲與食品(f&b) @ 潤泰旭展,2026-05,368.0,2.0,2,184.0
1,餐飲費 @ 欣食旅 南港營業所,2025-11,550.0,3.0,3,183.33333333333334
1,餐飲費 @ 欣食旅 南港營業所,2026-02,530.0,1.0,1,530.0
1,餐飲費 @ 欣食旅 南港營業所,2026-03,130.0,1.0,1,130.0
1,餐飲費 @ 欣食旅 南港營業所,2026-04,130.0,1.0,1,130.0
1,體適能-全票 @ 頂尖運動行銷樹林營業所,2025-09,150.0,3.0,3,50.0
1,體適能-全票 @ 頂尖運動行銷樹林營業所,2025-12,50.0,1.0,1,50.0
1,體適能-全票 @ 頂尖運動行銷樹林營業所,2026-01,150.0,3.0,3,50.0
1,體適能-全票 @ 頂尖運動行銷樹林營業所,2026-02,50.0,1.0,1,50.0
1,體適能-全票 @ 頂尖運動行銷樹林營業所,2026-03,50.0,1.0,1,50.0
1,體適能-全票 @ 頂尖運動行銷樹林營業所,2026-05,50.0,1.0,1,50.0
1,黑蒜豚骨拉麵 @ 九南商行,2025-09,510.0,3.0,3,170.0
1,黑蒜豚骨拉麵 @ 九南商行,2025-10,170.0,1.0,1,170.0
1,黑蒜豚骨拉麵 @ 九南商行,2025-11,170.0,1.0,1,170.0
1,黑蒜豚骨拉麵 @ 九南商行,2026-01,340.0,2.0,2,170.0
1,黑蒜豚骨拉麵 @ 九南商行,2026-02,170.0,1.0,1,170.0
1,黑蒜豚骨拉麵 @ 九南商行,2026-03,340.0,2.0,2,170.0
1,黑蒜豚骨拉麵 @ 九南商行,2026-04,340.0,2.0,2,170.0
2,味丹多喝水 @ 全聯實業永和成功,2025-10,96.0,2.0,2,48.0
2,味丹多喝水 @ 全聯實業永和成功,2025-11,96.0,2.0,2,48.0
2,味丹多喝水 @ 全聯實業永和成功,2025-12,48.0,1.0,1,48.0
2,味丹多喝水 @ 全聯實業永和成功,2026-02,46.0,1.0,1,46.0
2,味丹多喝水 @ 全聯實業永和成功,2026-03,92.0,2.0,2,46.0
2,味丹多喝水 @ 全聯實業永和成功,2026-05,46.0,1.0,1,46.0
2,多喝水鹼性竹炭 @ 全聯實業永和成功,2025-10,215.0,5.0,5,43.0
2,多喝水鹼性竹炭 @ 全聯實業永和成功,2025-11,300.0,6.0,6,50.0
2,多喝水鹼性竹炭 @ 全聯實業永和成功,2025-12,300.0,6.0,6,50.0
2,多喝水鹼性竹炭 @ 全聯實業永和成功,2026-03,49.0,1.0,1,49.0
2,影印費 @ 飛捷廣告印刷公館,2025-10,106.0,5.0,5,21.2
2,影印費 @ 飛捷廣告印刷公館,2025-12,282.0,2.0,2,141.0
2,泰山淨之水 @ 全聯實業永和成功,2026-04,288.0,6.0,6,48.0
2,泰山淨之水 @ 全聯實業永和成功,2026-05,48.0,1.0,1,48.0
2,蕉滴滴 @ 全聯實業永和成功,2025-10,153.0,3.0,3,51.0
2,蕉滴滴 @ 全聯實業永和成功,2025-11,55.0,1.0,1,55.0
2,蕉滴滴 @ 全聯實業永和成功,2025-12,55.0,1.0,1,55.0
2,起司蛋堡 @ 傑洛國際台大店,2025-10,104.0,2.0,2,52.0
2,起司蛋堡 @ 傑洛國際台大店,2025-11,52.0,1.0,1,52.0
2,起司蛋堡 @ 傑洛國際台大店,2025-12,104.0,2.0,2,52.0
2,起司蛋堡 @ 傑洛國際台大店,2026-03,52.0,1.0,1,52.0
2,食品 @ 京站實業,2025-10,523.0,4.0,4,130.75
2,食品 @ 京站實業,2025-12,160.0,2.0,2,80.0
2,食品 @ 京站實業,2026-03,80.0,1.0,1,80.0
2,食品 @ 京站實業,2026-04,248.0,1.0,1,248.0
