Topic,Count,Name,Representation,Representative_Docs,top_items
-1,181,-1_pkl330_165_i_14,"['pkl330', '165', 'i', '14', '600ml', 'a5', 'ei', '2200ml', 'apple', 'tea']","['pkl330立頓巧克力奶 松深食品', 'pkl330立頓巧克力奶 松深食品', 'pkl330立頓巧克力奶 松深食品']",外送費 | 食品 | 超市餐飲其他 | 桂格顆粒燕麥飲 | 冰/熱 美式咖啡(大)
0,133,0_lalaport_90_mini_88,"['lalaport', '90', 'mini', '88', '14', '350', '700ml', '70', '600ml', '4']","['女裝一片式百褶中長裙 台灣極優服飾lalaport南港店', '女裝側百褶褲裙 台灣極優服飾lalaport南港店', 'shopping bag 台灣極優服飾lalaport南港店']",代收(售)-台北市購物兩用袋(中) | 3元塑膠袋 | shopping bag | 每天穿什麼mini matters 服飾 正價品 | 4x6專用紙-15元授權
1,92,1____,"['', '', '', '', '', '', '', '', '', '']","['熟食 冠樺生活', '熟食 冠樺生活', '熟食 冠樺生活']",熟食 | 便當 | 美食街
2,51,2_6___,"['6', '', '', '', '', '', '', '', '', '']","['嫩切雞肉堡6吋 傑洛國際台大店', '嫩切雞肉堡6吋 傑洛國際台大店', '嫩切雞肉堡6吋 傑洛國際台大店']",嫩切雞肉堡6吋 | 厚切嫩牛堡6吋 | 鮮嫩雞柳堡6吋 | 黑胡椒豬里肌 | (牛)炸蝦堡
3,42,3_fee_parking__,"['fee', 'parking', '', '', '', '', '', '', '', '']","['parking fee 正好停樹林車站停車場', 'parking fee 正好停樹林車站停車場', 'parking fee 正好停樹林車站停車場']",parking fee | parkingfee
4,39,4____,"['', '', '', '', '', '', '', '', '', '']","['大冰美式 全家便利商店台大二活門市部', '大冰美式 全家便利商店台大二活門市部', '大冰美式 全家便利商店台大二活門市部']",大冰美式 | 特大冰美式 | 中冰美式
5,38,5_50_l_10_xl,"['50', 'l', '10', 'xl', '', '', '', '', '', '']","['傳承50爆炒系列 貳堂餐廳', '50嵐饒河 - 黃金烏龍(l) 作燴餐飲科技', '50嵐饒河 - 四季春青茶(l) 作燴餐飲科技']",+69元升級a餐(點心+飲料) | 迷客夏虎林 - 原片初露青茶(l) | 服務費 | 五桐號通化 - 一把青茶(l) | 日式壽喜燒鍋
6,38,6____,"['', '', '', '', '', '', '', '', '', '']","['燒烤美乃雞丼 飯大 台灣善商大直北安門市', '餃子の王將 漢神購物中心台中', '星一配雞肉飯飯糰 全家便利商店台大二活門市部']",一配經典肉鬆飯糰 | 茶葉蛋(銷售用) | 二配經典肉鬆飯糰 | 星一配雞肉飯飯糰 | 茶葉蛋
7,37,7____,"['', '', '', '', '', '', '', '', '', '']","['豆干滷蛋海帶 一娘子小吃店', '燙青菜 一娘子小吃店', '蛤蠣湯 一娘子小吃店']",皮蛋乾麵 | 燙青菜 | 蛤蠣湯 | 豆干滷蛋海帶 | 餛飩湯
8,36,8_a___,"['a', '', '', '', '', '', '', '', '', '']","['(a)御料小館香辣炸雞球 統一超商台北市第七四一', '(a)御料小館香辣炸雞球 統一超商台北市第七四一', '(a)御料小館香辣炸雞球 統一超商台北市第七四一']",(a)御料小館香辣炸雞球 | (a)御料小館椒鹽鹽酥雞 | 滷味香蔥肉丸
9,36,9_88_80_g_11,"['88', '80', 'g', '11', '2', '1', '', '', '', '']","['花g 創新維新', '智利富士88 全聯實業永和成功', '智利富士88 全聯實業永和成功']",蜜桃烏龍(小心果核) | 摩卡可可碎片大 | 摩卡可可碎片v杯 | 智利富士88 | 招牌(小)
10,35,10_a___,"['a', '', '', '', '', '', '', '', '', '']","['a 美式黑咖啡-中冰 路易莎職人咖啡新北圖館', 'a 美式黑咖啡-中冰 路易莎職人咖啡二零五', 'a 美式黑咖啡-中冰 路易莎職人咖啡新北圖館']",a 美式黑咖啡-中冰 | 特選美式冰咖啡(大) | 四 四季翠玉青茶-大冰 | 路易莎咖啡餐點類 | 麥香三明治-香燻雞肉
11,34,11_1___,"['1', '', '', '', '', '', '', '', '', '']","['大1四季春珍波椰 星翔飲料店', '大1四季春珍波椰 星翔飲料店', '大1四季春珍波椰 星翔飲料店']",大1四季春珍波椰 | 飲料 | 大四季春青茶 | 四季春茶(冰) | 甜品
12,33,12____,"['', '', '', '', '', '', '', '', '', '']","['16oz(冰)特選美式咖啡 統一聖娜多堡市站門市部', '16oz(冰)特選美式咖啡 統一聖娜多堡市站門市部', '麥當勞豬肉滿福堡加蛋送冰經典美式咖啡中杯(好禮即享券) 富邦媒體科技']",16oz(冰)特選美式咖啡 | 麥當勞豬肉滿福堡加蛋送冰經典美式咖啡中杯(好禮即享券)
13,33,13_fee_parking__,"['fee', 'parking', '', '', '', '', '', '', '', '']","['parking fee 正好停樹林車站停車場', 'parking fee 正好停樹林車站停車場', 'parking fee 正好停樹林車站停車場']",parking fee
14,33,14____,"['', '', '', '', '', '', '', '', '', '']","['桌球場 臺北大眾捷運內湖線南港展覽館站', '桌球場 臺北大眾捷運內湖線南港展覽館站', '桌球場 臺北大眾捷運板橋線板橋站']",桌球場
15,32,15_a___,"['a', '', '', '', '', '', '', '', '', '']","['抹茶本味 全聯實業永和成功', '起司燒 全聯實業永和成功', '味味a 川香椒麻 全聯實業永和成功']",寶山黑糖麻糬手 | 巧克力濃心菠蘿 | 隨緣紅燒嫩菇麵 | 隨緣沙茶豆腐麵 | 起司燒
16,31,16____,"['', '', '', '', '', '', '', '', '', '']","['停車費 歐特儀市民廣場地下停車場', '停車費 歐特儀市民廣場地下停車場', '停車費 歐特儀市民廣場地下停車場']",停車費 | 停車費用 | 臨停費用
17,31,17____,"['', '', '', '', '', '', '', '', '', '']","['招牌蝦滑 海底撈火鍋', '薄切牛舌(半) 海底撈火鍋', '高麗菜 海底撈火鍋']",三鮮火鍋(海鮮風味) | 高冷青茶 | 清香奶茶 | 菌類拼盤 | 日本越光米
18,30,18_2_a__,"['2', 'a', '', '', '', '', '', '', '', '']","['(a)來一客杯麵鮮蝦魚板風味 統一超商台北市第七四一', '(a)來一客杯麵鮮蝦魚板風味 統一超商台北市第七四一', '2唐揚套餐 味噌湯 台灣善商大直北安門市']",來一客杯麵京燉肉骨風味 | (a)來一客杯麵鮮蝦魚板風味 | 拉麵道日式豚骨風味 | 適量豚骨鹽味拉麵-細麵 | 極饗-真飽經典麻醬涼麵
19,30,19____,"['', '', '', '', '', '', '', '', '', '']","['紅茶 貓啡因商行', '紅茶 貓啡因商行', '紅茶 貓啡因商行']",紅茶
20,29,20_3_a_1_,"['3', 'a', '1', '', '', '', '', '', '', '']","['套餐1 欣享食業公館店', 'a套餐 傑洛國際台大店', '精選3號餐 御穎企業社']",餐廳 | 7號餐(台大店) | 餐食 | a套餐 | 餐飲_熟食
21,28,21_40_30__,"['40', '30', '', '', '', '', '', '', '', '']","['熟食 冠樺生活', '30元盤 爭鮮府中', '40元盤 爭鮮府中']",熟食 | 30元盤 | 40元盤
22,28,22_fee_parking__,"['fee', 'parking', '', '', '', '', '', '', '', '']","['parking fee 正好停樹林車站停車場', 'parking fee 正好停樹林車站停車場', 'parking fee 正好停樹林車站停車場']",parking fee
23,28,23_q___,"['q', '', '', '', '', '', '', '', '', '']","['金萱雙q 源湧商行', '金萱雙q 源湧商行', '金萱雙q 源湧商行']",金萱雙q
24,28,24_b_c_poke2_2,"['b', 'c', 'poke2', '2', 'a', '', '', '', '', '']","['12fit - 特餐_七味蒜香雞胸(b) 百變全球餐飲', '12fit - 特餐_七味蒜香雞胸(b) 百變全球餐飲', '12fit - 特餐_七味蒜香雞胸(b) 百變全球餐飲']",12fit - 特餐_七味蒜香雞胸(b) | 陽光bbq健康餐 - 匈牙利香蒜雞胸(c) | 鹽味舒肥雞poke-加購免洗餐盒2元 | 島嶼咖哩雞肉燉飯 chicken & vegetables risotto with red curry cream sauce | 香蒜白酒蛤蠣麵 clams spaghetti with white wine & garlic oil
25,27,25____,"['', '', '', '', '', '', '', '', '', '']","['金塊香蒜-小單位 統一聖娜多堡市站門市部', '金塊香蒜-小單位 統一聖娜多堡市站門市部', '焦糖可可碎片大 悠旅生活事業中醫門市部']",金塊香蒜-小單位 | 焦糖可可碎片大 | 法式岩漿巧克力 | 芋泥可麗露
26,26,26_tp375_tp330_xl_l,"['tp375', 'tp330', 'xl', 'l', '', '', '', '', '', '']","['重乳奶茶tp330 全家便利商店台大二活門市部', '統一麥香奶茶tp375 美德耐台大卓越商場', '麥香奶茶tp375 全家便利商店永和國艷']",重乳奶茶tp330 | 一配蜂蜜牛奶球 | 奶茶(l)(冰) | 一配經典蜂蜜蛋糕 | 飲冰室茶集綠奶茶
27,26,27____,"['', '', '', '', '', '', '', '', '', '']","['麥香魚 和德昌永和得和', 'b12_四重麥香雞 和德昌台北公館', '四塊麥克雞塊 和德昌板橋文化']",四塊麥克雞塊 | b10_四重麥香雞 | b12_四重麥香雞 | 麥香魚 | 馬鈴薯沙拉(熟)
28,26,28_1___,"['1', '', '', '', '', '', '', '', '', '']","['餅乾1片 傑洛國際台大店', '餅乾1片 傑洛國際台大店', '餅乾1片 傑洛國際台大店']",餅乾1片 | 各種蔬菜餅 | 嫩煎蛋一片
29,26,29_30_0__,"['30', '0', '', '', '', '', '', '', '', '']","['一配菠蘿麵包 全家便利商店台大二活門市部', '新感覺可可夾心 統一超商台北市第一0二七', '蕃薯(30元) 全家便利商店台大二活門市部']",星-二配板巧克力夾心土司 | 一配菠蘿麵包 | 新感覺可可夾心 | 蕃薯(30元) | 芝麻包
30,25,30_0___,"['0', '', '', '', '', '', '', '', '', '']","['御選肉鬆飯糰 統一超商台北市第一0二七', '御選肉鬆飯糰 統一超商台北市第一0二七', '御選肉鬆飯糰 統一超商台北市第一0二七']",御選肉鬆飯糰 | 章魚燒串 | 原味豬肉貢丸(關) | 虱目魚丸 | 綜合湯
31,24,31_35___,"['35', '', '', '', '', '', '', '', '', '']","['卡辣姆久平切洋芋片勁辣唐辛35元 統一超商台北市第七四一', '卡辣姆久平切洋芋片勁辣唐辛35元 統一超商台北市第七四一', '卡辣姆久平切洋芋片勁辣唐辛35元 統一超商台北市第七四一']",卡辣姆久平切洋芋片勁辣唐辛35元 | 美式原味熱狗 | 卡辣姆久厚切洋芋片勁辣唐辛35元 | 日式碳烤風味熱狗 | 波的多濃厚蚵仔煎洋芋片
32,24,32_tp330_400ml_350_tp375,"['tp330', '400ml', '350', 'tp375', '0', '', '', '', '', '']","['午后時光-重乳奶茶tp330 統一超商新北市第一四三五', '午后時光-重乳奶茶tp330 統一超商台北縣第四一六', '午后時光-重乳奶茶tp330 統一超商台北市第六八七']",午后時光-重乳奶茶tp330 | 紅牌速纖纖維飲料tp330 | 光泉午后時光重乳奶茶400ml | 黑松fin好菌補給飲pet580 | 統一麥香奶茶tp375
33,24,33_apple_m__,"['apple', 'm', '', '', '', '', '', '', '', '']","['福樂自然零藍莓優酪 美德耐台大卓越商場', '蘋果香蕉奶昔 apple banana shake 百亨堂文創', '野生藍莓優格(m) 陌生人商行']",福樂自然零藍莓優酪 | 晨光葡萄土司 | 自然零藍莓優酪 | 金蘋果調味乳蘋果風味 | pkl330ml黑松蘋果c
34,24,34_30_c_10_3,"['30', 'c', '10', '3', '1', '', '', '', '', '']","['活沛多 gl雙效敏益菌30顆新升級 台灣屈臣氏個人用品商店得和', '活沛多游離型葉黃素30粒 台灣屈臣氏個人用品商店政大', '活沛多 緩釋型維他命cb群 30錠 台灣屈臣氏個人用品商店得和']",1百 | 活沛多游離型葉黃素30粒 | 高露潔纖柔備長炭牙刷3入 | 高露潔護齦牙刷 | 藥水
35,23,35_148___,"['148', '', '', '', '', '', '', '', '', '']","['ab原味優酪乳517ml(瓶) 統一超商台北市第七四一', '泰國皇家牛奶片 25g 寶雅國際台北公館', 'ab原味優酪乳517ml(瓶) 統一超商台北市第148']",ab原味優酪乳206ml(瓶) | ab原味優酪乳517ml(瓶) | ab原味優酪乳902ml(瓶) | 泰國皇家牛奶片 25g
36,23,36____,"['', '', '', '', '', '', '', '', '', '']","['餐飲-麥當勞 微風場站開發', '薯球(肯)(活動) 慵懶國際餐飲', '餐飲與食品(f&b) 潤泰旭展']",餐飲與食品(f&b) | 餐飲-麥當勞 | 薯球(肯)(活動) | 餐費 | 291689麥當勞速食餐
37,23,37_a___,"['a', '', '', '', '', '', '', '', '', '']","['一配哆啦a夢小蛋糕 全家便利商店台大二活門市部', '新-哆啦a夢小蛋糕 萊爾富國際第四七二六營業處', '一配哆啦a夢小蛋糕 全家便利商店台大二活門市部']",金黃起司火腿蛋三明治 | 鮪魚起司溏心蛋三明治 | 一配哆啦a夢小蛋糕 | 鮪魚洋芋溏心蛋三明治 | 生吐司
38,23,38____,"['', '', '', '', '', '', '', '', '', '']","['法式乳酪 貓啡因商行', '法式乳酪 貓啡因商行', '草莓 貓啡因商行']",草莓 | 炙燒乳酪蛋糕 | 草莓白乳酪 | 法式乳酪 | 生乳捲
39,23,39_60___,"['60', '', '', '', '', '', '', '', '', '']","['桌球場 長佳機電工程板橋國民運動中心營業所', '桌球場 長佳機電工程大安運動中心暨和平籃球館營業所', '健身房全票60分鐘 長佳機電工程大安運動中心暨和平籃球館營業所']",桌球場 | 撞球場 | 健身房全票60分鐘
40,21,40_a4___,"['a4', '', '', '', '', '', '', '', '', '']","['a4彩色160g列印ibon 統一超商台北市第七四一', 'a4彩色列印 全家便利商店台大二活門市部', 'a4黑白影印 統一超商台北市第七四一']",a4黑白列印ibon | 列印服務全錄黑白-a4 | a4彩色160g列印web | a4黑白影印 | a4彩色160g列印ibon
41,21,41_a___,"['a', '', '', '', '', '', '', '', '', '']","['韓國農心辛香菇杯麵 統一超商台北市第七四一', '蘿蔔糕 揚秦國際企業北市台視', '(a)科學麵原味 統一超商台北市第七四一']",韓國農心辛香菇杯麵 | 手工高麗菜捲 | 蘿蔔糕 | 黃金脆薯 | (a)科學麵原味
42,21,42____,"['', '', '', '', '', '', '', '', '', '']","['五椒麻辣牛肉 吾時食清燉紅燒牛肉麵', '經典香韻紅燒三寶 吾時食清燉紅燒牛肉麵', '母傳原湯清燉牛肉 吾時食清燉紅燒牛肉麵']",母傳原湯清燉牛肉 | 經典香韻紅燒牛肉 | 經典香韻紅燒三寶 | 燉煮叉燒肉 | 五椒麻辣牛肉
43,21,43____,"['', '', '', '', '', '', '', '', '', '']","['冰紅茶-大(新) 安心食品服務南港展館', '可樂-大(新) 安心食品服務南港展館', '玉米濃湯 安心食品服務長興門市部']",冰紅茶-大(新) | 玉米濃湯 | 烏龍 | 冰紅茶-中(新) | 中冰摩斯咖啡
44,20,44_2_0__,"['2', '0', '', '', '', '', '', '', '', '']","['台灣香蕉重量分享包(2入) 統一超商台北市第一0二七', '台灣香蕉重量分享包(2入) 統一超商台北市第一0二七', '台灣香蕉重量分享包(2入) 統一超商台北市第一0二七']",台灣香蕉重量分享包(2入) | 富士蘋果(截切-袋) | 蘇菲清新涼感薄荷日用23cm9片 | 京都念慈菴雙層枇杷軟喉糖(原味) | 易口舒無糖薄荷錠-清爽蜜桃
45,20,45____,"['', '', '', '', '', '', '', '', '', '']","['黃金蕎麥鮮奶 沐盛商行', '油切蕎麥茶 恆木茶行', '大 紅茶拿鐵 豐霈綠茶專賣店']",油切蕎麥茶 | 黃金蕎麥鮮奶 | 焦糖粉粿奶茶 | 青檸甘蔗蕎麥綠寶 | 輕烏龍鮮奶
46,19,46_148_poke2_400ml_0,"['148', 'poke2', '400ml', '0', '', '', '', '', '', '']","['桂格100%燕麥(顆粒微甜)290ml 統一超商台北市第一0三二', '統一陽光糙米漿400ml(盒) 美德耐台大卓越商場', '桂格100%燕麥(顆粒微甜)290ml 統一超商台北市第148']",桂格100%燕麥(顆粒微甜)290ml | 313153精緻丹麥系列/個(a) | 無蛋白質poke-加購免洗餐盒2元 | 桂格顆粒豆漿燕麥 | 統一陽光糙米漿400ml(盒)
47,19,47____,"['', '', '', '', '', '', '', '', '', '']","['服務費和其他費用 優食台灣', '服務費和其他費用 優食台灣', '服務費和其他費用 優食台灣']",服務費和其他費用
48,19,48____,"['', '', '', '', '', '', '', '', '', '']","['清爽沙拉飯 詠觀國際', '清爽沙拉飯 詠觀國際', '清爽沙拉飯 詠觀國際']",清爽沙拉飯
49,19,49_xl_11_1_a,"['xl', '11', '1', 'a', '', '', '', '', '', '']","['青花椒堡xl全明星餐 富利餐飲台南中華', '烤堡xl全明星餐 富利餐飲台北士林', '卡啦雞腿堡xl全明星餐 富利餐飲台南中華']",1原蛋 | 健康蔬活菜飯(餐盒) | 11(大)爪哇咖哩牛丼 | 卡啦雞腿堡a經典餐 | 卡啦雞腿堡xl全明星餐
50,18,50_1___,"['1', '', '', '', '', '', '', '', '', '']","['配-經典大薯 和德昌台北公館', 'a01_大薯+1多1 和德昌台北指南', '1 地瓜薯條 金樂屋']",配-經典大薯 | 薯條-大 | a01_大薯+1多1 | d小薯 | 配-經典中薯
51,18,51____,"['', '', '', '', '', '', '', '', '', '']","['niseko海鹽焦糖雪糕 全家便利商店台中市第五五二', '質立藍莓冰淇淋 全聯實業永和成功', '31冰淇淋 勤美台中']",起司蛋堡 | cremia 北海道冰淇淋之神生日快樂冰淇淋(口味任選) | 鮮蛋沙拉可頌 | 質立藍莓冰淇淋 | 真松露巧克力奶蓋雪糕
52,18,52____,"['', '', '', '', '', '', '', '', '', '']","['餐飲費 欣食旅 南港營業所', '餐飲費 欣食旅 南港營業所', '299成人 魯山國際餐飲事業台大門市部']",餐飲費 | 餐飲 | 優惠單人套餐 | 299成人
53,18,53_a4_4_3_,"['a4', '4', '3', '', '', '', '', '', '', '']","['加新入袋a4單線簿白 笑笑笑國際台北公館', '珠友a4手提單層網紗袋 笑笑笑國際台北公館', '加新入袋a4單線簿白 笑笑笑國際台北公館']",藝舍黑田桑小卡 | 加新入袋a4單線簿白 | 南寶透明裝飾貼4 size | 四季螺旋蠟燭中藍 | 晴天快樂派對帽3
54,18,54____,"['', '', '', '', '', '', '', '', '', '']","['b夏威夷元氣沙拉50 安心食品服務南港展館', 'd摩斯雞塊套加60 安心食品服務南港展館', 'd摩斯雞塊套加60 安心食品服務南港展館']",d摩斯雞塊套加60 | b夏威夷元氣沙拉50 | 辣味和風雞腿塊 | 和風炸雞-大 | 和風雞腿塊-摩斯辣醬
55,18,55____,"['', '', '', '', '', '', '', '', '', '']","['多喝水鹼性竹炭 全聯實業永和成功', '多喝水鹼性竹炭 全聯實業永和成功', '多喝水鹼性竹炭 全聯實業永和成功']",多喝水鹼性竹炭
56,18,56____,"['', '', '', '', '', '', '', '', '', '']","['多多綠茶 貓啡因商行', '多多綠茶 貓啡因商行', '多多綠茶 貓啡因商行']",多多綠茶 | 大 多多綠
57,18,57_g_a_0_,"['g', 'a', '0', '', '', '', '', '', '', '']","['(a)北海鱈魚香絲(大) 統一超商台北市第七四一', '(a)北海鱈魚香絲(大) 統一超商台北市第七四一', 'g餓遊戲 魚王四口']",摩斯鱈魚堡 | (a)北海鱈魚香絲(大) | 鮪魚肉鬆雙手卷 | g餓遊戲 | 黃金魚蛋
58,18,58_l___,"['l', '', '', '', '', '', '', '', '', '']","['芽香綠金萱(l) 陌生人商行', '柔香青金萱(l) 陌生人商行', '芽香綠金萱(l) 陌生人商行']",芽香綠金萱(l) | 柔香青金萱(l) | 芽香綠金萱 | 阿聰師芋單
59,17,59_0___,"['0', '', '', '', '', '', '', '', '', '']","['美式冰咖啡(大) 統一超商台北市第一0二七', '美式冰咖啡(大) 統一超商台北市第一0二七', '美式冰咖啡(大) 統一超商台北市第一0二七']",美式冰咖啡(大) | 濃萃美式冰咖啡(大)
60,17,60____,"['', '', '', '', '', '', '', '', '', '']","['萬事捷uchida粗字油漆筆300-s/白 笑笑笑國際台北公館', '百樂g2 07鋼珠筆紅 笑笑笑國際台北公館', '三菱sxn155溜溜筆黑 笑笑笑國際台北公館']",百樂g2 07鋼珠筆藍 | 文明mk-3001雙頭水性美工筆銘黃 | 文明mk-3001雙頭水性美工筆紅 | 文明mk-3001雙頭水性美工筆柑 | toeic 證書
61,17,61_pet700___,"['pet700', '', '', '', '', '', '', '', '', '']","['(a)統一h2o純水pet2200 統一超商新北市第一四三五', '(a)統一uni water純水pet550 統一超商新北市第三十三門市', '泰山純水pet700 統一超商台北市第六五一']",(a)統一h2o純水pet2200 | 統一h2o純水pet1500 | 泰山純水pet700 | (a)統一uni water純水pet550 | 心樸元氣純水6200ml
62,17,62____,"['', '', '', '', '', '', '', '', '', '']","['蘿蔔 東引快刀手企業社', '蘿蔔 東引快刀手企業社', 'lasagna 丁崔兄弟']",豆干 | 蘿蔔 | 燙青菜時蔬 | lasagna | 滷蛋
63,17,63____,"['', '', '', '', '', '', '', '', '', '']","['黑蒜豚骨拉麵 九南商行', '黑蒜豚骨拉麵 九南商行', '黑蒜豚骨拉麵 九南商行']",黑蒜豚骨拉麵 | 釜山紅湯拉麵 | 博多叉燒拉麵 (大) | 松露豚骨拉麵 | 客製醬油豚骨拉麵
64,17,64_4_lalaport_0_a,"['4', 'lalaport', '0', 'a', '', '', '', '', '', '']","['統一麵包愛心牛奶球 統一超商台北市第一0三二', '耕豆漿布丁燒 (蛋奶素)150g 日商樂比亞台灣lalaport南港店', '健達巧克力含牛奶內餡(4入) 統一超商台北市第七四一']",統一麵包快樂牛奶球 | 石安牧場溏心蛋飯糰(圓) | (a)多力多滋超濃起司味玉米片 | 耕豆漿布丁燒 (蛋奶素)150g | 雪花嘉義方塊酥
65,17,65____,"['', '', '', '', '', '', '', '', '', '']","['超級大麥海洋珍珠堡 安心食品服務南港展館', '超級大麥杏鮑菇珍珠堡 安心食品服務南港展館', '超級大麥海洋珍珠堡 安心食品服務南港展館']",超級大麥海洋珍珠堡 | 超級大麥杏鮑菇珍珠堡 | 海洋珍珠堡 | 麥當勞勁辣鷄腿堡+薯條(小)+四塊麥克鷄塊+可樂(中) 好禮即享券 | c黃金地瓜薯條套加6
66,17,66____,"['', '', '', '', '', '', '', '', '', '']","['烤雞(熟) 詠觀國際', '烤雞(熟) 詠觀國際', '烤雞(熟) 詠觀國際']",烤雞(熟) | 鮮蝦(熟)
67,16,67_140___,"['140', '', '', '', '', '', '', '', '', '']","['起士核桃堡140元 國立臺灣大學生物資源暨農學院附設農業試驗場', '起士核桃堡140元 國立臺灣大學生物資源暨農學院附設農業試驗場', '起士核桃堡140元 國立臺灣大學生物資源暨農學院附設農業試驗場']",三明治冰淇淋 | 起士核桃堡140元 | 豆乳原味奶酪 | (臺大)小鮮乳 | 歐式蔓越莓核桃65元
68,16,68_tea___,"['tea', '', '', '', '', '', '', '', '', '']","['輕食咖啡廳 冠誠生活', '輕食咖啡廳 冠誠生活', '咖啡廳coffee shops & tea salons 新光三越百貨台北信義']",輕食咖啡廳 | 咖啡廳coffee shops & tea salons
69,16,69____,"['', '', '', '', '', '', '', '', '', '']","['原味波士頓 貓啡因商行', '原味波士頓 貓啡因商行', '提拉米蘇 貓啡因商行']",原味波士頓 | 服務費用 | 提拉米蘇 | 拿鐵 | 泡芙
70,16,70____,"['', '', '', '', '', '', '', '', '', '']","['韓式泡菜拉麵 九南商行', '韓式泡菜拉麵 九南商行', '韓式泡菜拉麵 九南商行']",韓式泡菜拉麵 | 拉麵 | 香辣麵里肌
71,16,71_b_e__,"['b', 'e', '', '', '', '', '', '', '', '']","['珍大雞排 - 炙燒火烤雞腿(b) 作燴餐飲科技', '日香雞肉飯 - 私房辣椒雞腿飯(b) 百變全球餐飲', '日香雞肉飯 - 私房辣椒雞腿飯(b) 百變全球餐飲']",日香雞肉飯 - 私房辣椒雞腿飯(b) | 松露野菇牛肝菌燉飯 | 珍大雞排 - 炙燒火烤雞腿(b) | 珍大雞排 - 珍大雞排飯(f) | 番茄匈牙利雞腿排
72,16,72_3_1__,"['3', '1', '', '', '', '', '', '', '', '']","['餅乾3片 傑洛國際台大店', '餅乾3片 傑洛國際台大店', '餅乾3片 傑洛國際台大店']",餅乾3片 | 餅乾1片 | 可樂餅
73,16,73_e_40_a_,"['e', '40', 'a', '', '', '', '', '', '', '']","['(a)御料小館香辣炸雞球 美德耐台大卓越商場', '麵筋40 小品雅廚中原', '(e )光泉生乳米漿 美德耐台大卓越商場']",林聰明-雞肉飯飯糰 | (a)御料小館香辣炸雞球 | 卡滋脆皮燒肉螺螄粉 | 御料小館蔥抓餅 | 打拋豬豬-不辣
74,15,74____,"['', '', '', '', '', '', '', '', '', '']","['特選牛肉串 品都串燒', '孜然羊肉串 品都串燒', '香菇 品都串燒']",櫛瓜 | 豆皮 | 香菇 | 孜然羊肉串 | 培根麻糬
75,15,75_a5_140_b_a,"['a5', '140', 'b', 'a', '', '', '', '', '', '']","['b 優惠套餐(原價138) 吾時食清燉紅燒牛肉麵', '140元套餐 高氏柴胡', 'a5牛肉湯麵套餐 昇恒昌桃園二期']",_美國_雪花牛套餐 | b 優惠套餐(原價138) | 140元套餐 | 壽日本國產牛羽下套餐 | a5牛肉湯麵套餐
76,15,76_l_q__,"['l', 'q', '', '', '', '', '', '', '', '']","['芽香綠金萱(l) 大仟飲料店', '發發通化 - 芽香綠金萱(l) 作燴餐飲科技', '芽香綠金萱(l) 大仟飲料店']",芽香綠金萱(l) | 柔香青金萱(l) | 金萱雙q | 發發通化 - 芽香綠金萱(l)
77,15,77_165___,"['165', '', '', '', '', '', '', '', '', '']","['體適能-全票 頂尖運動行銷樹林營業所', 'minecraft 165吋合金公仔驚喜包/ w1/ 隨機 誠品生活新板', 'minecraft 165吋合金公仔驚喜包/ w1/ 隨機 誠品生活新板']",體適能-全票 | minecraft 165吋合金公仔驚喜包/ w1/ 隨機 | 桌球場 | 玩具公仔 | pop mart-動漫生活-玩具公仔
78,15,78_700ml___,"['700ml', '', '', '', '', '', '', '', '', '']","['ex強氣泡水 全聯實業永和成功', 'ex強氣泡水 全聯實業永和成功', '泰山純水 700ml 全聯實業台中新民']",泰山淨之水 | ex強氣泡水 | 統一鹼性離子水 | uni water550水 | 泰山純水 700ml
79,15,79_0___,"['0', '', '', '', '', '', '', '', '', '']","['台灣上等蕉(裸賣) 統一超商台北市第一0二七', '台灣上等蕉(裸賣) 統一超商台北市第一0二七', '台灣上等蕉(裸賣) 統一超商台北市第一0二七']",台灣上等蕉(裸賣) | 台灣黑輪 | 小 手拍 小農蕃茄瑪
80,15,80_i_l_pkl330_,"['i', 'l', 'pkl330', '', '', '', '', '', '', '']","['焙金萱鮮奶茶(l) 大仟飲料店', '牧香穀物鮮奶茶(l) 大仟飲料店', '抹茶牛奶(i) 丁崔兄弟']",牧香穀物鮮奶茶(l) | 大阿薩姆紅茶 | 抹茶牛奶(i) | 黑糖牛奶-ice | pkl330立頓琥珀紅茶
81,14,81____,"['', '', '', '', '', '', '', '', '', '']","['95無鉛汽油 永錡保安加油站', '95plus無鉛 台亞石油板橋浮洲橋加油站', '95無鉛汽油 永錡保安加油站']",臨停 | 95無鉛汽油 | 票號2025092916046243 | 95無鉛 | 95plus無鉛
82,14,82_10___,"['10', '', '', '', '', '', '', '', '', '']","['紅油脆筍 九南商行', '涼拌豆干絲 九南商行', '水餃10粒-辣 瑤池企業社']",涼拌豆干絲 | 豬腳能量碗 | 水餃10粒-辣 | 紅油脆筍 | 涼拌小黃瓜
83,14,83____,"['', '', '', '', '', '', '', '', '', '']","['粥天子-廣式皮蛋瘦肉煲粥 統一超商台北市第七四一', '粥天子-廣式皮蛋瘦肉煲粥 統一超商台北市第七四一', '粥天子-廣式皮蛋瘦肉煲粥 統一超商台北市第七四一']",粥天子-廣式皮蛋瘦肉煲粥
84,14,84_l___,"['l', '', '', '', '', '', '', '', '', '']","['d02 大馬式拉茶 大馬勝光', '冰綠茶-小 和德昌台北公館', 'l-開心果抹茶-完美冰 歐歐歐一號店']",冰綠茶-小 | 冰綠茶-中 | 冰蘋果青茶大 | 冰紅茶-中 | 蜂蜜青茶-冰
85,14,85____,"['', '', '', '', '', '', '', '', '', '']","['香蒜起士麵包 貓啡因商行', '白醬嫩煎雞肉 寬扁麵 貓啡因商行', '菲力雞排麵包 貓啡因商行']",酥脆雞塊 | 香蒜起士麵包 | 菲力雞排麵包 | 白醬嫩煎雞肉 寬扁麵 | 青醬嫩煎雞肉 寬扁麵
86,13,86_2200ml___,"['2200ml', '', '', '', '', '', '', '', '', '']","['悅氏light鹼性水 全家便利商店西站', '統一ph9鹼性離子水 全家便利商店台大二活門市部', '悅氏天然水2200ml 三商家購永和得和二']",fmc鹼性離子水800ml | 統一ph9鹼性離子水 | 泰山純水 | 悅氏light鹼性水 | 悅氏天然水2200ml
87,13,87____,"['', '', '', '', '', '', '', '', '', '']","['配料 九南商行', '配料 九南商行', '配料 九南商行']",配料
88,13,88____,"['', '', '', '', '', '', '', '', '', '']","['風味奶茶 貓啡因商行', '奶茶 貓啡因商行', '奶茶 貓啡因商行']",奶茶 | 風味奶茶
89,13,89_mini___,"['mini', '', '', '', '', '', '', '', '', '']","['小吃food court 新光三越百貨台北信義', '小吃food court 新光三越百貨台北信義', 'mini one 漢神購物中心台中']",小吃food court | 開飯川食堂 | 台灣客美多珈琲 餐飲 正價品 | 漢堡王 | mini one
90,13,90____,"['', '', '', '', '', '', '', '', '', '']","['鮮乳坊起司銀絲卷 全家便利商店台大二活門市部', 'ab優酪乳原味 全家便利商店台大二活門市部', '起司牛肉可頌 悠旅生活事業松仁門市部']",ab優酪乳原味 | 鮮乳坊起司銀絲卷 | 起司牛肉可頌 | 光泉杯裝全脂鮮乳 | 乳酪火山布蕾
91,13,91_6___,"['6', '', '', '', '', '', '', '', '', '']","['照燒雞肉堡6吋 傑洛國際台大店', '義大利牛肉丸堡6吋 傑洛國際台大店', '火腿堡6吋 傑洛國際台大店']",照燒雞肉堡6吋 | 雙層牛肉堡 | 燒烤牛肉堡6吋 | 義大利牛肉丸堡6吋 | 火腿堡6吋
92,12,92_pet700___,"['pet700', '', '', '', '', '', '', '', '', '']","['味丹多喝水 全聯實業永和成功', '味丹多喝水 全聯實業永和成功', '多喝水pet700 統一超商台北市第九三三']",味丹多喝水 | 多喝水pet700 | 多喝水pet2000
93,12,93____,"['', '', '', '', '', '', '', '', '', '']","['千張豆皮(半) 新加坡商海底撈事業台灣第二', '自選小料 新加坡商海底撈事業台灣第二', '響鈴卷(半) 新加坡商海底撈事業台灣第二']",撈派巴沙魚片(半) | 凍豆腐(半) | 自選小料 | 撈派撈麵 | 美國特選肥牛(半)
94,12,94_30_40_35_,"['30', '40', '35', '', '', '', '', '', '', '']","['(區)現蒸地瓜40元 統一超商台北市第七四一', '(區)現蒸地瓜30元 統一超商台北市第七四一', '(區)現蒸地瓜30元 統一超商台北市第七四一']",(區)現蒸地瓜25元 | (區)現蒸地瓜30元 | (區)現蒸地瓜35元 | 白蘿蔔 | (區)現蒸地瓜40元
95,12,95____,"['', '', '', '', '', '', '', '', '', '']","['美式冰咖啡(特大) 統一超商新北市第一四三五', '美式冰咖啡(大) 統一超商新北市第一四三五', '美式熱咖啡(大) 統一超商新北市第一四三五']",特選美式冰咖啡(大) | 美式冰咖啡(大) | 咖哩盤30cm | 左岸咖啡館奶茶240ml(杯) | 美式冰咖啡(特大)
96,12,96____,"['', '', '', '', '', '', '', '', '', '']","['停車費 遠創智慧', '停車費 遠創智慧', '停車費 遠創智慧']",停車費 | 清潔維護費 | 停車場清潔維護費
97,12,97____,"['', '', '', '', '', '', '', '', '', '']","['糖心蛋(兩片) 九南商行', '糖心蛋(兩片) 九南商行', '糖心蛋(兩片) 九南商行']",糖心蛋(兩片) | 黃金蛋
98,11,98____,"['', '', '', '', '', '', '', '', '', '']","['燙青菜 吾時食清燉紅燒牛肉麵', '燙青菜 吾時食清燉紅燒牛肉麵', '燙青菜 吾時食清燉紅燒牛肉麵']",燙青菜
99,11,99____,"['', '', '', '', '', '', '', '', '', '']","['老中醫天然仙楂70g 寶雅國際秀泰文心', '老中醫天然仙楂70g 寶雅國際台北南西', '老中醫天然仙楂70g 寶雅國際台北南西']",老中醫天然仙楂70g | 良澔仙楂梅160g
100,11,100_ei_1__,"['ei', '1', '', '', '', '', '', '', '', '']","['唐揚雞咖哩飯 丁崔兄弟', '生豆皮1份 金鍋玉葉餐飲', 'ei壽喜牛里肌豬排鍋定食 台灣吉豚屋餐飲館前']",叉燒飯 | 豚骨魚介肉盛 | 松露雞白湯 | ei壽喜牛里肌豬排鍋定食 | 生豆皮1份
101,11,101____,"['', '', '', '', '', '', '', '', '', '']","['(學)極饗-真飽香辣麻醬涼麵 美德耐台大卓越商場', '餛飩牛肉湯麵(小) 東引快刀手企業社', '川味麻辣鐵板麵(含蛋) 揚秦國際企業北市台視']",餛飩牛肉湯麵(小) | 豬油麵(小) | 雙醬麵(小) | 餛飩麵(小) | 魯肉飯(小)
102,11,102____,"['', '', '', '', '', '', '', '', '', '']","['極致巧克力蛋糕 貓啡因商行', '極致巧克力蛋糕 貓啡因商行', '極致巧克力蛋糕 貓啡因商行']",極致巧克力蛋糕 | 楚佛巧克力 | 巴斯克蛋糕 | 巧克力起司蛋糕
103,10,103_m___,"['m', '', '', '', '', '', '', '', '', '']","['影印費 飛捷廣告印刷公館', '影印費 飛捷廣告印刷公館', 'try 日本語n3達陣 從日檢文法展開全方位學習 (附m 誠品生活新店']",影印費 | 劃位-+ 加價 | try 日本語n3達陣 從日檢文法展開全方位學習 (附m
104,10,104____,"['', '', '', '', '', '', '', '', '', '']","['外送費 優食台灣', '外送費 優食台灣', '外送費 優食台灣']",外送費
105,10,105____,"['', '', '', '', '', '', '', '', '', '']","['(區)粥天子-田園雞蓉玉米粥 統一超商台北市第七四一', '林聰明-雞肉飯飯糰 統一超商台北市第七四一', '林聰明-雞肉飯飯糰 統一超商台北市第六五一']",林聰明-雞肉飯飯糰 | (區)粥天子-田園雞蓉玉米粥 | 增雞蛋白餐
106,10,106____,"['', '', '', '', '', '', '', '', '', '']","['大冰美式 全家便利商店台大二活門市部', '大冰美式 全家便利商店台大二活門市部', '大冰美式 全家便利商店台大二活門市部']",大冰美式
107,10,107____,"['', '', '', '', '', '', '', '', '', '']","['極選厚菠蘿 統一聖娜多堡市站門市部', '極選厚菠蘿 統一聖娜多堡市站門市部', '極選厚菠蘿 統一聖娜多堡市站門市部']",極選厚菠蘿 | 32層菠蘿可頌
108,10,108____,"['', '', '', '', '', '', '', '', '', '']","['白玉珍珠 / 無糖 / 微冰 陌生人商行', '白玉珍珠 / 無糖 / 微冰 陌生人商行', '無糖 / 微冰 / 白玉珍珠 陌生人商行']",白玉珍珠 / 無糖 / 微冰 | 無糖 / 微冰 / 白玉珍珠
109,10,109_60_70_80_90,"['60', '70', '80', '90', '50', 'q', '', '', '', '']","['金沙杏鮑菇80 小品雅廚中原', '番茄炒蛋60 小品雅廚中原', '季節青菜60 小品雅廚中原']",紅油口水雞 | 椒麻雞(微辣)-不香菜 | 香辣麵q雞 | 高麗菜50 | 辣子雞丁90
